USE db_moviesapp;

-- FILMS --
INSERT INTO `films` (`id`, `name`, `poster`, `backdrop`, `trailer`, `content`, `release`, `type`, `status`, `runtime`, `quality`, `popular`, `rating`, `viewed`) VALUES 
    (1, 'Death Note', 'https://www.themoviedb.org/t/p/w600_and_h900_bestv2/iigTJJskR1PcjjXqxdyJwVB3BoU.jpg', 'https://www.themoviedb.org/t/p/w600_and_h900_bestv2/iigTJJskR1PcjjXqxdyJwVB3BoU.jpg', '', 'Yagami Light là một học sinh cấp III rất thông minh nhưng luôn cảm thấy cuộc sống xung quanh thật tẻ nhạt và phẫn nộ với những tội ác và tham nhũng xảy ra trên thế giới. Cuộc sống của Yagami chỉ thay đổi vào năm 2003 sau khi cậu tình cờ nhặt được một cuốn sổ kỳ bí có tên Death Note (Desu Nōto, sách chết). Lời hướng dẫn sử dụng trên cuốn sổ đã ghi rõ rằng những người bị viết tên vào đây sẽ chết. Lúc đầu Yagami nghi ngờ về tính xác thực của cuốn sổ, cứ nghĩ rằng đây là trò đùa tinh quái của ai đó. Tuy nhiên, sau khi dùng nó để giết hai tên tội phạm, cậu đã tin vào sự kỳ diệu của Death Note. Khi gặp được thần chết (shinigami) giữ cuốn sổ tên Ryuk, Light quyết định sẽ trở thành vị Chúa của thế giới mới bằng việc thay thế luật pháp phán xử những kẻ phạm tội chỉ bằng một bản án duy nhất, cái chết...', 2006, 'TV Series', 'Complete', '22m/ep', 'HD', 0, '0.0', 0),
    (2, 'John Wick: Chapter 4', 'https://www.themoviedb.org/t/p/w600_and_h900_bestv2/ksg3XSEezxpRVEB6BrKxmNOuhft.jpg', 'https://www.themoviedb.org/t/p/w1000_and_h563_face/tnKVQVVZ9BfcJ4JimdqUF3bLr80.jpg', 'https://www.youtube.com/watch?v=qEVUtrk8_B4', 'Sát Thủ John Wick: Chương 4 là câu chuyện của John Wick (Keanu Reeves) đã khám phá ra con đường để đánh bại High Table. Nhưng trước khi có thể kiếm được tự do, Wick phải đối đầu với kẻ thù mới với những liên minh hùng mạnh trên toàn cầu và những lực lượng biến những người bạn cũ thành kẻ thù.', 2023, 'Movie', 'On Going', '170m', 'HD', 1, '0.0', 0),
    (3, 'Avatar: The Way of Water', 'https://www.themoviedb.org/t/p/w600_and_h900_bestv2/jGmC7aMqoLU0ALRKHkz3pQVV1pg.jpg', 'https://www.themoviedb.org/t/p/w1000_and_h563_face/cHaEV3281874GjsiFUXFTvkd5WF.jpg', 'https://www.youtube.com/watch?v=gq2xKJXYZ80', 'Câu chuyện của “Avatar: Dòng Chảy Của Nước” lấy bối cảnh 10 năm sau những sự kiện xảy ra ở phần đầu tiên. Phim kể câu chuyện về gia đình mới của Jake Sully (Sam Worthington thủ vai) cùng những rắc rối theo sau và bi kịch họ phải chịu đựng khi phe loài người xâm lược hành tinh Pandora.', 2022, 'Movie', 'Complete', '192m', 'HD', 0, '0.0', 0),
    (4, 'Avatar', 'https://www.themoviedb.org/t/p/w600_and_h900_bestv2/bxp5IUY05jLGeZ5bW85W2NF6Rgi.jpg', 'https://www.themoviedb.org/t/p/w1000_and_h563_face/lnruVIIORWgQO2FS7GZV65dFEOG.jpg', 'https://www.youtube.com/watch?v=8TNlvM4cN6U', 'Avatar là câu chuyện về người anh hùng “bất đắc dĩ” Jake Sully – một cựu sĩ quan thủy quân lục chiến bị liệt nửa thân. Người anh em sinh đôi của anh được chọn để tham gia vào chương trình cấy gien với người ngoài hành tinh Na’vi nhằm tạo ra một giống loài mới có thể hít thở không khí tại hành tinh Pandora. Giống người mới này được gọi là Avatar. Sau khi anh của Jake bị giết, Jake được chọn để thay thế anh mình và đã trở thành một Avatar, Jake có nhiệm vụ đi tìm hiểu và nghiên cứu hành tinh Pandora. Những thông tin mà anh thu thập được rất có giá trị cho chiến dịch xâm chiếm hành tinh xanh thứ hai này của loài người.', 2009, 'Movie', 'Complete', '162m', 'HD', 0, '0.0', 0),
    (5, 'The Angry Birds Movie', 'https://cdn.themovieseries.net/cover/the-angry-birds-movie-russian-audio-sxp.png', 'https://cdn.themovieseries.net/cover/the-angry-birds-movie-russian-audio-sxp-large.png', 'https://www.youtube.com/embed/QRmKa7vvct4', 'Flightless birds lead a mostly happy existence, except for Red, who just can’t get past the daily annoyances of life. But when mysterious green piggies arrive at the village, it’s up to Red and two other outcasts Chuck and Bomb, to figure out what the pigs are up to.', 2016, 'Movie', 'Complete', '97 min', 'HD', 0, '0.0', 0),
    (6, 'Captain America: Civil War', 'https://cdn.themovieseries.net/captain-america-civil-war-qjb/cover.png', 'https://cdn.themovieseries.net/cover/captain-america-civil-war-qjb-large.png', 'https://www.youtube.com/embed/dKrVegVI0Us', 'After the Avengers leaves some collateral damage, political pressure mounts to install a system of accountability. The new status quo deeply divides members of the team into 2 camps, one led by Steve Rogers and the other following Tony Stark.', 2016, 'Movie', 'Complete', '147 min', 'HD', 0, '0.0', 0),
    (7, 'Hardcore Henry', 'https://cdn.themovieseries.net/hardcore-henry-yqb/cover.png', 'https://cdn.themovieseries.net/cover/hardcore-henry-yqb-large.png', 'https://www.youtube.com/embed/Sca9U6IlAns', 'This movie is one of the most original wild-rides to hit the big screen in a long time: You remember nothing. A first-person action film from the eyes of Henry, who’s resurrected from death with no memory. He must discover his identity and save his wife from a warlord with a plan to bio-engineer soldiers.', 2016, 'Movie', 'Complete', '96 min', 'HD', 0, '0.0', 0),
    (8, '13 Hours: The Secret Soldiers of Benghazi', 'https://cdn.themovieseries.net/13-hours-the-secret-soldiers-of-benghazi-ryv/cover.png', 'https://cdn.themovieseries.net/cover/13-hours-the-secret-soldiers-of-benghazi-ryv-large.png', 'https://www.youtube.com/embed/cdBLr33E07w', 'Directed by Michael Bay, 13 Hours The Secret Soldiers of Benghazi is a American biographical war film about an American ambassador is killed during an attack at a U.S. compound in Libya, a security team struggles to make sense out of the chaos. As the assault rages on, the six men engage the combatants in a fierce firefight to save the lives of the remaining Americans.', 2016, 'Movie', 'Complete', '146 min', 'HD', 0, '0.0', 0),
    (9, 'Miracles From Heaven', 'https://cdn.themovieseries.net/miracles-from-heaven-mod/cover.png', 'https://cdn.themovieseries.net/cover/miracles-from-heaven-mod-large.png', 'https://www.youtube.com/embed/nPe1M-qLrlE', 'Anna Beam (Kylie Rogers) lives with a rare, incurable disorder that leaves her unable to digest food. But after surviving a terrible accident, Anna  finds herself miraculously cured. ', 2016, 'Movie', 'Complete', '109 min', 'HD', 0, '0.0', 0),
    (10, 'Batman v Superman Dawn of Justice', 'https://cdn.themovieseries.net/batman-v-superman-dawn-of-justice-elq/cover.png', 'https://cdn.themovieseries.net/cover/batman-v-superman-dawn-of-justice-elq-large.png', 'https://www.youtube.com/embed/eX_iASz1Si8', 'Eighteen months after the destructive battle in Metropolis (Man of Steel), Superman has become a controversial figure. Convinced that Superman is now a threat to humanity, Batman takes on the man of steel, while the world wrestles with what kind of a hero it really needs.', 2016, 'Movie', 'Complete', '151 min', 'HD', 0, '0.0', 0),
    (11, 'The Mermaid', 'https://www.themoviedb.org/t/p/w440_and_h660_face/iUfIVi1mI9aEyiiJIdqfWehii2i.jpg', 'https://www.themoviedb.org/t/p/w1000_and_h563_face/zqGECuqPliOQ4jv5PurgoPbQZ6a.jpg', 'https://www.youtube.com/watch?v=6yJCJIZP9iw', 'Mỹ Nhân Ngư là phim điện ảnh do Châu Tinh Trì làm biên kịch và đạo diễn. Phim công chiếu lần đầu vào ngày 08 tháng 02 năm 2016, doanh thu đạt 3.39 tỉ NDT, là phim giữ kỉ lục "phim có doanh thu cao nhất trong lịch sử phòng vé Hoa ngữ" trong thời gian 1 năm 6 tháng trước khi bị phá sau đó.', 2016, 'Movie', 'Complete', '94m', 'HD', 0, '0.0', 0),
    (12, 'Shazam! Fury of the Gods', 'https://www.themoviedb.org/t/p/w600_and_h900_bestv2/67ztbGkhtltymsqElMnrfWujsY3.jpg', 'https://www.themoviedb.org/t/p/w1000_and_h563_face/moFBV9LnYMqcqXdZ33B1O1rkeBb.jpg', 'https://www.youtube.com/watch?v=lPmzBaNJUzI', 'Bộ phim tiếp tục câu chuyện về cậu thiếu niên Billy Batson, khi đọc thuộc lòng từ ma thuật "SHAZAM!" được biến thành Siêu anh hùng thay thế bản ngã trưởng thành của anh ấy, Shazam.', 2023, 'Movie', 'Complete', '130m', 'HD', 0, '0.0', 0),
    (13, 'Khách Sạn Huyền Bí: Ma Cà Rồng Biến Hình', 'https://www.themoviedb.org/t/p/w600_and_h900_bestv2/pTGXamZdTEYTXwsxkrEULz5EFVe.jpg', 'https://www.themoviedb.org/t/p/w1000_and_h563_face/ur19n7Zabzf7wfhK4MrlFDJiZPI.jpg', 'https://www.youtube.com/watch?v=7AP86CYeR30', 'Khách Sạn Huyền Bí: Ma Cà Rồng Biến Hình là tập phim cuối cùng của thương hiệu với màn hóan đổi thân phận hài hước gây náo loạn cả xứ sở quái vật. Cậu con rể của Dracula đã thành công trong việc tự biến thành quái vật. Thế nhưng, dù có là giống loài nào thì bản tính hậu đậu trời ban vẫn không thể rời xa Johnny.', 2022, 'Movie', 'Complete', '87 min', 'HD', 0, '0.0', 0),
    (14, 'Hotel Transylvania 3: Summer Vacation', 'https://www.themoviedb.org/t/p/w600_and_h900_bestv2/hEEDqBFDZvu2GQ8bWYiW9QzdRVM.jpg', 'https://www.themoviedb.org/t/p/w1000_and_h563_face/g48FEYpo4WgwXejytbLNE9nVom4.jpg', 'https://www.youtube.com/watch?v=wHuPypKDXwQ', 'Khách Sạn Huyền Bí 3 lần này sẽ là “cuộc chơi lớn” với một phen tiệc tùng sang chảnh hết mức của gia đình Dracula. Đã quá ngán với cường độ làm việc chăm chỉ 365 ngày không nghỉ, bá tước Dracula quyết định “đình công”. Để khai sáng cho người cha trăm tuổi chưa bao giờ bước ra khỏi “lũy tre làng”, vợ chồng nhà Jonathan – Mavis lập ra kế hoạch xả hơi táo bạo: Thuê đứt một du thuyền du lịch hạng sang để đưa tất thảy bộ xậu quái vật già trẻ lớn bé làm một chuyến ra khơi nhớ đời.', 2018, 'Movie', 'Complete', '97m', 'HD', 0, '0.0', 0),
    (15, 'Hotel Transylvania 2', 'https://www.themoviedb.org/t/p/w600_and_h900_bestv2/dJcEf7xmEqUSFSRud9LTbewBPUQ.jpg', 'https://www.themoviedb.org/t/p/w600_and_h900_bestv2/dJcEf7xmEqUSFSRud9LTbewBPUQ.jpg', 'https://www.youtube.com/watch?v=T3nqmGgnJe8', 'Trong Hotel Transylvania 2, chủ khách sạn ma cà rồng Dracula (Adam Sandler) giờ đã có cháu ngoại lai hai dòng máu người-ma, và đang nuôi ý định biến nó trở thành giống mình. Vấn đề nằm ở chỗ, thằng bé không hề có tố chất của ma cà rồng. Dracula đành phải tập hợp một đội ngũ “đào tạo” bao gồm Frankenstein, Người sói, Người vô hình… về làm công tác huấn luyện. Hotel Transylvania 2 hứa hẹn sẽ là một phim hoạt hình dễ thương, hài hước tuyệt vời dành cho cả gia đình trong năm nay.', 2015, 'Movie', 'Complete', '89m', 'HD', 0, '0.0', 0),
    (16, 'Hotel Transylvania', 'https://cdn.themovieseries.net/hotel-transylvania-mqj/cover.png', 'https://cdn.themovieseries.net/cover/hotel-transylvania-mqj-large.png', 'https://www.youtube.com/embed/T3nqmGgnJe8', 'Dracula, who operates a high-end resort away from the human world, goes into overprotective mode when a boy discovers the resort and falls for the count\'s teenaged daughter.', 2012, 'Movie', 'Complete', '91 min', 'HD', 0, '0.0', 0),
    (17, 'Đảo Hải Tặc', 'https://www.themoviedb.org/t/p/w600_and_h900_bestv2/e3NBGiAifW9Xt8xD5tpARskjccO.jpg', 'https://www.themoviedb.org/t/p/w1000_and_h563_face/npg6pCyEYcCS6Ok9fbiIdcA60lH.jpg', '', 'Monkey D. Luffy, 1 cậu bé rất thích Đảo hải tặc có ước mơ tìm được kho báu One Piece và trở thành Vua hải tặc - Pirate King. Lúc nhỏ, Luffy tình cờ ăn phải trái quỉ (Devil Fruit) Gomu Gomu, nó cho cơ thể cậu khả năng co dãn đàn hồi như cao su nhưng đổi lại cậu sẽ không bao giờ biết bơi. Sau đó Luffy lại được Shank cứu thoát tuy nhiên ông ta bị mất 1 cánh tay. Sau đấy Shank chia tay Luffy và để lại cho cậu cái mũ rơm (Straw Hat) và nói rằng: Sau này bao giờ thành cướp biển hãy gặp ta và trả lại nó. Chính lời nói này đã thúc đầy Luffy trở thành 1 cướp biển thật sự. Hãy cùng theo dõi xem liệu Luffy có thể trở thành đạt được kho báu One Piece và trở thành Vua Hải Tặc không nhé.', 1999, 'Movie', 'Complete', '24m/ep', 'HD', 0, '0.0', 0),
    (18, 'Naruto Dattebayo', 'https://www.themoviedb.org/t/p/w440_and_h660_face/xppeysfvDKVx775MFuH8Z9BlpMk.jpg', 'https://www.themoviedb.org/t/p/original/iWc6rzyWeUgW61JZNgIxBLD3nsG.jpg', '', '12 năm trước, hồ ly 9 đuôi tấn công làng ninja Mộc Diệp, Hokage Đệ Tứ đã đánh bại và phong ấn vào cậu bé Naruto.Từ đó, Naruto bị mọi người xa lánh, vậy nên cậu tìm ra cách được thừa nhận và chú ý duy nhất – qua các trò phá phách và nghịch ngợm.Câu chuyện chính bám theo sự trưởng thành và tiến bộ của Naruto và bạn cậu khi làm ninja, và nhấn mạnh mối quan hệ giữa họ và sự ảnh hưởng của quá khứ đến tính cách họ. Naruto tìm được hai người bạn đồng hành cùng là Uchiha Sasuke và Haruno Sakura, cuộc phiêu lưu bắt đầu.', 2002, 'TV Series', 'Complete', '24m/ep', 'HD', 1, '0.0', 0),
    (19, 'Dawn Of The Planet Of The Apes', 'https://cdn.themovieseries.net/dawn-of-the-planet-of-the-apes-tcp/cover.png', 'https://cdn.themovieseries.net/cover/dawn-of-the-planet-of-the-apes-tcp-large.png', 'https://www.youtube.com/embed/3sHMCRaS3ao', 'The next part of the science-fiction blockbuster Rise of the Planet of the Apes (The Uprising Of Monkey Species) - Dawn of the Planet of the Apes - are highly regarded by the viewer after being received numerous extremely positive replies from the media. Fragile peace between man and ape leader Caesar started being unstable. Both species were pushed to the edge of a war because they lost in suspicion, hatred together. Malcom’;s efforts to arouse compassion and love family of monkeys to bring peace on Earth, was being prevented by his fellow.', 2014, 'Movie', 'Complete', '130 min', 'HD', 0, '0.0', 0),
    (20, 'The Legend of Tarzan', 'https://cdn.themovieseries.net/the-legend-of-tarzan-lmr/cover.png', 'https://cdn.themovieseries.net/cover/the-legend-of-tarzan-lmr-large.png', 'https://www.youtube.com/embed/Aj7ty6sViiU', 'It’s been nearly a decade since Tarzan (Alexander Skarsgård) left Africa to live in Victorian England with his wife Jane. Having acclimated to life in London, he is called back to his former home in the jungle to investigate the activities at a mining encampment.', 2016, 'Movie', 'Complete', '109 min', 'HD', 0, '0.0', 0);

-- EPISODES --
INSERT INTO `episodes` (`id`, `name`, `link`, `filmId`) VALUES 
    (1, 'Full', 'https://kd.hd-bophim.com/20220306/823_2bf07809/index.m3u8', 20),
    (2, 'Full', 'https://hd.1080phim.com/20220316/1526_aa25b07c/index.m3u8', 19),
    (3, 'Full', 'https://kd.hd-bophim.com/20220305/794_536ad5df/index.m3u8', 16),
    (4, 'Full', 'https://hd.1080phim.com/20220316/1431_b9ec80b4/index.m3u8', 15),
    (5, 'Full', 'https://hd.1080phim.com/20220316/1402_54aa7ffe/index.m3u8', 10),
    (6, 'Full', 'https://kd.hd-bophim.com/20220303/257_c92fb5c4/index.m3u8', 9),
    (7, 'Full', 'https://aa.nguonphimmoi.com/20220217/188_74edf2ea/index.m3u8', 8),
    (8, 'Full', 'https://1080.hdphimonline.com/20220520/25653_bfaec237/index.m3u8', 7),
    (9, 'Full', 'https://1080.hdphimonline.com/20220314/1867_a3fad25d/index.m3u8', 6),
    (10, 'Full', 'https://aa.nguonphimmoi.com/20220322/4768_8cb19ea6/index.m3u8', 5),
    (11, '1', 'https://1080.hdphimonline.com/20220409/12096_586397bb/index.m3u8', 18),
    (12, '2', 'https://1080.hdphimonline.com/20220409/12097_83df0c11/index.m3u8', 18),
    (13, '3', 'https://1080.hdphimonline.com/20220409/12098_98159843/index.m3u8', 18),
    (14, '4', 'https://1080.hdphimonline.com/20220409/12099_5fb49696/index.m3u8', 18),
    (15, '5', 'https://1080.hdphimonline.com/20220409/12100_f7c3b000/index.m3u8', 18),
    (16, '6', 'https://1080.hdphimonline.com/20220409/12101_e0896cec/index.m3u8', 18),
    (17, '7', 'https://1080.hdphimonline.com/20220409/12102_a51b19fd/index.m3u8', 18),
    (18, '8', 'https://1080.hdphimonline.com/20220409/12103_79357096/index.m3u8', 18),
    (19, '9', 'https://1080.hdphimonline.com/20220409/12104_6a89b44e/index.m3u8', 18),
    (20, '10', 'https://1080.hdphimonline.com/20220409/12105_46f098a0/index.m3u8', 18),
    (21, '11', 'https://1080.hdphimonline.com/20220409/12106_50e2d65d/index.m3u8', 18),
    (22, '12', 'https://1080.hdphimonline.com/20220409/12107_be0d9cd0/index.m3u8', 18),
    (23, '13', 'https://1080.hdphimonline.com/20220409/12108_ce243753/index.m3u8', 18),
    (24, '14', 'https://1080.hdphimonline.com/20220409/12109_980482f5/index.m3u8', 18),
    (25, '15', 'https://1080.hdphimonline.com/20220409/12110_3c0ad11f/index.m3u8', 18),
    (26, '16', 'https://1080.hdphimonline.com/20220409/12111_e8c9228f/index.m3u8', 18),
    (27, '17', 'https://1080.hdphimonline.com/20220409/12112_847c0d52/index.m3u8', 18),
    (28, '18', 'https://1080.hdphimonline.com/20220409/12113_42e1ebf4/index.m3u8', 18),
    (29, '19', 'https://1080.hdphimonline.com/20220409/12114_d688cf5f/index.m3u8', 18),
    (30, '20', 'https://1080.hdphimonline.com/20220409/12115_8a72042b/index.m3u8', 18),
    (31, '21', 'https://1080.hdphimonline.com/20220409/12116_01d0e3ff/index.m3u8', 18),
    (32, '22', 'https://1080.hdphimonline.com/20220409/12117_bf9cd742/index.m3u8', 18),
    (33, '23', 'https://1080.hdphimonline.com/20220409/12118_36b460a4/index.m3u8', 18),
    (34, '24', 'https://1080.hdphimonline.com/20220409/12119_8baa1cb2/index.m3u8', 18),
    (35, '25', 'https://1080.hdphimonline.com/20220409/12120_a38c3ebe/index.m3u8', 18),
    (36, '26-27', 'https://1080.hdphimonline.com/20220409/12121_b7d7cf44/index.m3u8', 18),
    (37, '28', 'https://1080.hdphimonline.com/20220409/12122_4fd9d203/index.m3u8', 18),
    (38, '29', 'https://1080.hdphimonline.com/20220409/12123_017204bb/index.m3u8', 18),
    (39, '30', 'https://1080.hdphimonline.com/20220409/12124_921b3966/index.m3u8', 18),
    (40, '31', 'https://1080.hdphimonline.com/20220409/12125_de64a1b4/index.m3u8', 18),
    (41, '32', 'https://1080.hdphimonline.com/20220409/12126_65dfa2c1/index.m3u8', 18),
    (42, '33', 'https://1080.hdphimonline.com/20220409/12127_91a62594/index.m3u8', 18),
    (43, '34', 'https://1080.hdphimonline.com/20220409/12128_3c6236b4/index.m3u8', 18),
    (44, '35', 'https://1080.hdphimonline.com/20220409/12129_cea69148/index.m3u8', 18),
    (45, '36', 'https://1080.hdphimonline.com/20220409/12130_6a9ff6e0/index.m3u8', 18),
    (46, '37', 'https://1080.hdphimonline.com/20220409/12131_b75d8e2a/index.m3u8', 18),
    (47, '38', 'https://1080.hdphimonline.com/20220409/12132_9db931d1/index.m3u8', 18),
    (48, '39', 'https://1080.hdphimonline.com/20220409/12133_2a72dd12/index.m3u8', 18),
    (49, '40', 'https://1080.hdphimonline.com/20220409/12134_74576507/index.m3u8', 18),
    (50, '41', 'https://1080.hdphimonline.com/20220409/12135_99a13b93/index.m3u8', 18),
    (51, '42', 'https://1080.hdphimonline.com/20220409/12138_a0a44331/index.m3u8', 18),
    (52, '43', 'https://1080.hdphimonline.com/20220409/12137_4fe7963e/index.m3u8', 18),
    (53, '44', 'https://1080.hdphimonline.com/20220409/12136_a8069a04/index.m3u8', 18),
    (54, '45', 'https://1080.hdphimonline.com/20220409/12139_95ace8ba/index.m3u8', 18),
    (55, '46', 'https://1080.hdphimonline.com/20220409/12141_fdf56443/index.m3u8', 18),
    (56, '47', 'https://1080.hdphimonline.com/20220409/12140_4c73637e/index.m3u8', 18),
    (57, '48', 'https://1080.hdphimonline.com/20220409/12142_9128306f/index.m3u8', 18),
    (58, '49', 'https://1080.hdphimonline.com/20220409/12143_8dc0b7ad/index.m3u8', 18),
    (59, '50', 'https://1080.hdphimonline.com/20220409/12144_5d032fdb/index.m3u8', 18),
    (60, '51', 'https://1080.hdphimonline.com/20220409/12145_0b535d3b/index.m3u8', 18),
    (61, '52', 'https://1080.hdphimonline.com/20220409/12146_56bf32f7/index.m3u8', 18),
    (62, '53', 'https://1080.hdphimonline.com/20220409/12147_6cd75fd8/index.m3u8', 18),
    (63, '54', 'https://1080.hdphimonline.com/20220409/12148_5a1da923/index.m3u8', 18),
    (64, '55', 'https://1080.hdphimonline.com/20220409/12149_bbad6752/index.m3u8', 18),
    (65, '56', 'https://1080.hdphimonline.com/20220409/12151_0e6e2c08/index.m3u8', 18),
    (66, '57', 'https://1080.hdphimonline.com/20220409/12152_37fc0cf1/index.m3u8', 18),
    (67, '58', 'https://1080.hdphimonline.com/20220409/12150_adf206b3/index.m3u8', 18),
    (68, '59', 'https://1080.hdphimonline.com/20220409/12154_c871501c/index.m3u8', 18),
    (69, '60', 'https://1080.hdphimonline.com/20220409/12153_ecb65c2d/index.m3u8', 18),
    (70, '61', 'https://1080.hdphimonline.com/20220409/12155_eea045c9/index.m3u8', 18),
    (71, '62', 'https://1080.hdphimonline.com/20220409/12158_9f9c819f/index.m3u8', 18),
    (72, '63', 'https://1080.hdphimonline.com/20220409/12159_ac6da528/index.m3u8', 18),
    (73, '64', 'https://1080.hdphimonline.com/20220409/12157_9daa0ff4/index.m3u8', 18),
    (74, '65', 'https://1080.hdphimonline.com/20220409/12156_b5a36a27/index.m3u8', 18),
    (75, '66-67', 'https://1080.hdphimonline.com/20220409/12160_87d1952d/index.m3u8', 18),
    (76, '68', 'https://1080.hdphimonline.com/20220409/12161_559c34c2/index.m3u8', 18),
    (77, '69', 'https://1080.hdphimonline.com/20220409/12167_58a61c3c/index.m3u8', 18),
    (78, '70', 'https://1080.hdphimonline.com/20220409/12163_9112b6a4/index.m3u8', 18),
    (79, '71', 'https://1080.hdphimonline.com/20220409/12162_505e7070/index.m3u8', 18),
    (80, '72', 'https://1080.hdphimonline.com/20220409/12165_84126cab/index.m3u8', 18),
    (81, '73', 'https://1080.hdphimonline.com/20220409/12164_d7be99a4/index.m3u8', 18),
    (82, '74', 'https://1080.hdphimonline.com/20220409/12166_c5dcb264/index.m3u8', 18),
    (83, '75', 'https://1080.hdphimonline.com/20220409/12170_5a1010fa/index.m3u8', 18),
    (84, '76', 'https://1080.hdphimonline.com/20220409/12169_da40033b/index.m3u8', 18),
    (85, '77', 'https://1080.hdphimonline.com/20220409/12171_e24502ff/index.m3u8', 18),
    (86, '78', 'https://1080.hdphimonline.com/20220409/12172_c8249274/index.m3u8', 18),
    (87, '79', 'https://1080.hdphimonline.com/20220409/12168_656dccb9/index.m3u8', 18),
    (88, '80', 'https://1080.hdphimonline.com/20220409/12173_83de5703/index.m3u8', 18),
    (89, '81', 'https://1080.hdphimonline.com/20220409/12174_2233226e/index.m3u8', 18),
    (90, '82', 'https://1080.hdphimonline.com/20220409/12175_bdb9ac3f/index.m3u8', 18),
    (91, '83', 'https://1080.hdphimonline.com/20220409/12176_4627b81e/index.m3u8', 18),
    (92, '84', 'https://1080.hdphimonline.com/20220409/12177_9b7296a6/index.m3u8', 18),
    (93, '85', 'https://1080.hdphimonline.com/20220409/12178_d4efbcc6/index.m3u8', 18),
    (94, '86', 'https://1080.hdphimonline.com/20220409/12179_f99698ac/index.m3u8', 18),
    (95, '87', 'https://1080.hdphimonline.com/20220409/12180_1c08b874/index.m3u8', 18),
    (96, '88', 'https://1080.hdphimonline.com/20220409/12181_67684c02/index.m3u8', 18),
    (97, '89', 'https://1080.hdphimonline.com/20220409/12182_d5d5ed47/index.m3u8', 18),
    (98, '90', 'https://1080.hdphimonline.com/20220409/12183_f3bebf6c/index.m3u8', 18),
    (99, '91', 'https://1080.hdphimonline.com/20220409/12184_d810a21b/index.m3u8', 18),
    (100, '92', 'https://1080.hdphimonline.com/20220409/12185_c7e38cda/index.m3u8', 18),
    (101, '93', 'https://1080.hdphimonline.com/20220409/12186_31ca914c/index.m3u8', 18),
    (102, '94', 'https://1080.hdphimonline.com/20220409/12187_00b97b8d/index.m3u8', 18),
    (103, '95-96', 'https://1080.hdphimonline.com/20220409/12188_9f418096/index.m3u8', 18),
    (104, '97', 'https://1080.hdphimonline.com/20220409/12189_70ff64b8/index.m3u8', 18),
    (105, '98', 'https://1080.hdphimonline.com/20220409/12190_0f8cc417/index.m3u8', 18),
    (106, '99', 'https://1080.hdphimonline.com/20220409/12191_320b6eb9/index.m3u8', 18),
    (107, '100', 'https://1080.hdphimonline.com/20220409/12192_015bc34d/index.m3u8', 18),
    (108, '101', 'https://1080.hdphimonline.com/20220409/12193_a949878a/index.m3u8', 18),
    (109, '102', 'https://1080.hdphimonline.com/20220409/12194_f9a737e2/index.m3u8', 18),
    (110, '103', 'https://1080.hdphimonline.com/20220409/12195_c516d8e6/index.m3u8', 18),
    (111, '104', 'https://1080.hdphimonline.com/20220409/12196_f362994d/index.m3u8', 18),
    (112, '105', 'https://1080.hdphimonline.com/20220409/12201_1830f3e0/index.m3u8', 18),
    (113, '106', 'https://1080.hdphimonline.com/20220409/12202_1025471d/index.m3u8', 18),
    (114, '107', 'https://1080.hdphimonline.com/20220409/12203_41d7046e/index.m3u8', 18),
    (115, '108', 'https://1080.hdphimonline.com/20220409/12204_77935f31/index.m3u8', 18),
    (116, '109', 'https://1080.hdphimonline.com/20220409/12205_7b0e610e/index.m3u8', 18),
    (117, '110', 'https://1080.hdphimonline.com/20220409/12206_3d4a33f2/index.m3u8', 18),
    (118, '111', 'https://1080.hdphimonline.com/20220409/12207_8f7dcbef/index.m3u8', 18),
    (119, '112', 'https://1080.hdphimonline.com/20220409/12208_24f8b501/index.m3u8', 18),
    (120, '113', 'https://1080.hdphimonline.com/20220409/12209_48a0b53a/index.m3u8', 18),
    (121, '114', 'https://1080.hdphimonline.com/20220409/12210_e9866440/index.m3u8', 18),
    (122, '115', 'https://1080.hdphimonline.com/20220409/12211_14ef53ee/index.m3u8', 18),
    (123, '116', 'https://1080.hdphimonline.com/20220409/12212_87eaa7d4/index.m3u8', 18),
    (124, '117', 'https://1080.hdphimonline.com/20220409/12213_ebb32804/index.m3u8', 18),
    (125, '118', 'https://1080.hdphimonline.com/20220409/12214_8972061c/index.m3u8', 18),
    (126, '119', 'https://1080.hdphimonline.com/20220409/12215_3f8dd819/index.m3u8', 18),
    (127, '120', 'https://1080.hdphimonline.com/20220409/12216_1daaa955/index.m3u8', 18),
    (128, '121', 'https://1080.hdphimonline.com/20220410/12724_00e36e34/index.m3u8', 18),
    (129, '122', 'https://1080.hdphimonline.com/20220410/12725_be46cc01/index.m3u8', 18),
    (130, '123', 'https://1080.hdphimonline.com/20220410/12726_a69978c5/index.m3u8', 18),
    (131, '124', 'https://1080.hdphimonline.com/20220410/12727_07b148bc/index.m3u8', 18),
    (132, '125', 'https://1080.hdphimonline.com/20220410/12728_8e2b8630/index.m3u8', 18),
    (133, '126', 'https://1080.hdphimonline.com/20220410/12729_b14d1188/index.m3u8', 18),
    (134, '127', 'https://1080.hdphimonline.com/20220410/12730_3b8d572f/index.m3u8', 18),
    (135, '128', 'https://1080.hdphimonline.com/20220410/12731_6331a26e/index.m3u8', 18),
    (136, '129', 'https://1080.hdphimonline.com/20220410/12732_82fea60f/index.m3u8', 18),
    (137, '130', 'https://1080.hdphimonline.com/20220410/12733_0618516c/index.m3u8', 18),
    (138, '131', 'https://1080.hdphimonline.com/20220410/12734_8b386e88/index.m3u8', 18),
    (139, '132', 'https://1080.hdphimonline.com/20220410/12735_e6352611/index.m3u8', 18),
    (140, '133', 'https://1080.hdphimonline.com/20220410/12736_c415a8d9/index.m3u8', 18),
    (141, '134', 'https://1080.hdphimonline.com/20220410/12737_6c8198af/index.m3u8', 18),
    (142, '135', 'https://1080.hdphimonline.com/20220410/12738_7476e73b/index.m3u8', 18),
    (143, '136', 'https://1080.hdphimonline.com/20220410/12739_e002d44f/index.m3u8', 18),
    (144, '137', 'https://1080.hdphimonline.com/20220410/12740_77487503/index.m3u8', 18),
    (145, '138', 'https://1080.hdphimonline.com/20220410/12741_bac296d4/index.m3u8', 18),
    (146, '139', 'https://1080.hdphimonline.com/20220410/12742_972e4c94/index.m3u8', 18),
    (147, '140', 'https://1080.hdphimonline.com/20220410/12743_e4fd195b/index.m3u8', 18),
    (148, '141', 'https://1080.hdphimonline.com/20220410/12744_84e0a55c/index.m3u8', 18),
    (149, '142', 'https://1080.hdphimonline.com/20220410/12745_4717de49/index.m3u8', 18),
    (150, '143', 'https://1080.hdphimonline.com/20220410/12746_8f013e0d/index.m3u8', 18),
    (151, '144', 'https://1080.hdphimonline.com/20220410/12747_f2ffac15/index.m3u8', 18),
    (152, '145', 'https://1080.hdphimonline.com/20220410/12748_f83ac839/index.m3u8', 18),
    (153, '146', 'https://1080.hdphimonline.com/20220410/12749_61202d35/index.m3u8', 18),
    (154, '147', 'https://1080.hdphimonline.com/20220410/12750_32d783f1/index.m3u8', 18),
    (155, '148', 'https://1080.hdphimonline.com/20220410/12751_145d439e/index.m3u8', 18),
    (156, '149', 'https://1080.hdphimonline.com/20220410/12752_6f5fb44e/index.m3u8', 18),
    (157, '150', 'https://1080.hdphimonline.com/20220410/12753_1cce73b8/index.m3u8', 18),
    (158, '151', 'https://1080.hdphimonline.com/20220410/12754_8e77e094/index.m3u8', 18),
    (159, '152', 'https://1080.hdphimonline.com/20220410/12755_cda18abb/index.m3u8', 18),
    (160, '153', 'https://1080.hdphimonline.com/20220410/12756_2dbe7e6b/index.m3u8', 18),
    (161, '154', 'https://1080.hdphimonline.com/20220410/12757_0dd36385/index.m3u8', 18),
    (162, '155', 'https://1080.hdphimonline.com/20220410/12758_7f8312fd/index.m3u8', 18),
    (163, '156', 'https://1080.hdphimonline.com/20220410/12759_cab08bce/index.m3u8', 18),
    (164, '157', 'https://1080.hdphimonline.com/20220410/12760_e8a9ce2f/index.m3u8', 18),
    (165, '158', 'https://1080.hdphimonline.com/20220410/12761_1027711a/index.m3u8', 18),
    (166, '159', 'https://1080.hdphimonline.com/20220410/12762_1861c56e/index.m3u8', 18),
    (167, '160', 'https://1080.hdphimonline.com/20220410/12763_bf689b9b/index.m3u8', 18),
    (168, '161', 'https://1080.hdphimonline.com/20220410/12764_661fd3c7/index.m3u8', 18),
    (169, '162', 'https://1080.hdphimonline.com/20220410/12765_6c687c86/index.m3u8', 18),
    (170, '163', 'https://1080.hdphimonline.com/20220410/12766_fec648c8/index.m3u8', 18),
    (171, '164', 'https://1080.hdphimonline.com/20220410/12767_a2bd8a8a/index.m3u8', 18),
    (172, '165', 'https://1080.hdphimonline.com/20220410/12768_a5a3ace1/index.m3u8', 18),
    (173, '166', 'https://1080.hdphimonline.com/20220410/12769_f2acec4a/index.m3u8', 18),
    (174, '167', 'https://1080.hdphimonline.com/20220410/12770_869565d0/index.m3u8', 18),
    (175, '168', 'https://1080.hdphimonline.com/20220410/12771_5905742a/index.m3u8', 18),
    (176, '169', 'https://1080.hdphimonline.com/20220410/12772_0e0784dc/index.m3u8', 18),
    (177, '170', 'https://1080.hdphimonline.com/20220410/12773_9c0144d5/index.m3u8', 18),
    (178, '171', 'https://1080.hdphimonline.com/20220410/12774_71f590f6/index.m3u8', 18),
    (179, '172', 'https://1080.hdphimonline.com/20220410/12775_e50198d4/index.m3u8', 18),
    (180, '173', 'https://1080.hdphimonline.com/20220410/12776_305d7b79/index.m3u8', 18),
    (181, '174', 'https://1080.hdphimonline.com/20220410/12777_37df8f21/index.m3u8', 18),
    (182, '175', 'https://1080.hdphimonline.com/20220410/12778_3ec1dd26/index.m3u8', 18),
    (183, '176', 'https://1080.hdphimonline.com/20220410/12779_d26dce02/index.m3u8', 18),
    (184, '177', 'https://1080.hdphimonline.com/20220410/12780_aa83e9cf/index.m3u8', 18),
    (185, '178', 'https://1080.hdphimonline.com/20220410/12781_7b85732b/index.m3u8', 18),
    (186, '179', 'https://1080.hdphimonline.com/20220410/12782_5d857fe3/index.m3u8', 18),
    (187, '180', 'https://1080.hdphimonline.com/20220410/12783_1f63d546/index.m3u8', 18),
    (188, '181', 'https://1080.hdphimonline.com/20220410/12784_6dd37fc0/index.m3u8', 18),
    (189, '182', 'https://1080.hdphimonline.com/20220410/12785_240b85b6/index.m3u8', 18),
    (190, '183', 'https://1080.hdphimonline.com/20220410/12786_3e154925/index.m3u8', 18),
    (191, '184', 'https://1080.hdphimonline.com/20220410/12787_2264f5db/index.m3u8', 18),
    (192, '185', 'https://1080.hdphimonline.com/20220410/12788_7f1afbbe/index.m3u8', 18),
    (193, '186', 'https://1080.hdphimonline.com/20220410/12789_f23dd3f7/index.m3u8', 18),
    (194, '187', 'https://1080.hdphimonline.com/20220410/12790_9ce80590/index.m3u8', 18),
    (195, '188', 'https://1080.hdphimonline.com/20220410/12791_9ae186b6/index.m3u8', 18),
    (196, '189', 'https://1080.hdphimonline.com/20220410/12792_56a69d2c/index.m3u8', 18),
    (197, '190', 'https://1080.hdphimonline.com/20220410/12793_f1515c8f/index.m3u8', 18),
    (198, '191', 'https://1080.hdphimonline.com/20220410/12794_ed84ff8a/index.m3u8', 18),
    (199, '192', 'https://1080.hdphimonline.com/20220410/12795_5ef30d84/index.m3u8', 18),
    (200, '193', 'https://1080.hdphimonline.com/20220410/12796_d9658ff0/index.m3u8', 18),
    (201, '194', 'https://1080.hdphimonline.com/20220410/12797_9ba3b2b6/index.m3u8', 18),
    (202, '195', 'https://1080.hdphimonline.com/20220410/12798_1189b085/index.m3u8', 18),
    (203, '196', 'https://1080.hdphimonline.com/20220410/12799_bf56d2b3/index.m3u8', 18),
    (204, '197', 'https://1080.hdphimonline.com/20220410/12800_99abc9dd/index.m3u8', 18),
    (205, '198', 'https://1080.hdphimonline.com/20220410/12801_6a508224/index.m3u8', 18),
    (206, '199', 'https://1080.hdphimonline.com/20220410/12802_d964e851/index.m3u8', 18),
    (207, '200', 'https://1080.hdphimonline.com/20220410/12803_b73c71c8/index.m3u8', 18),
    (208, '201', 'https://1080.hdphimonline.com/20220410/12804_09709571/index.m3u8', 18),
    (209, '202', 'https://1080.hdphimonline.com/20220410/12805_4b204c9a/index.m3u8', 18),
    (210, '203', 'https://1080.hdphimonline.com/20220410/12806_9656bbe5/index.m3u8', 18),
    (211, '204', 'https://1080.hdphimonline.com/20220410/12807_1906cbb4/index.m3u8', 18),
    (212, '205', 'https://1080.hdphimonline.com/20220410/12808_d5188111/index.m3u8', 18),
    (213, '206', 'https://1080.hdphimonline.com/20220410/12809_f7a342c4/index.m3u8', 18),
    (214, '207', 'https://1080.hdphimonline.com/20220410/12810_5c45b103/index.m3u8', 18),
    (215, '208', 'https://1080.hdphimonline.com/20220410/12811_135579f8/index.m3u8', 18),
    (216, '209', 'https://1080.hdphimonline.com/20220410/12812_6ae000a2/index.m3u8', 18),
    (217, '210', 'https://1080.hdphimonline.com/20220410/12813_1aa2f043/index.m3u8', 18),
    (218, '211', 'https://1080.hdphimonline.com/20220410/12814_dcc679b3/index.m3u8', 18),
    (219, '212', 'https://1080.hdphimonline.com/20220410/12815_dd6e3090/index.m3u8', 18),
    (220, '213', 'https://1080.hdphimonline.com/20220410/12816_0ac77876/index.m3u8', 18),
    (221, '214', 'https://1080.hdphimonline.com/20220410/12817_57ae7ea5/index.m3u8', 18),
    (222, '215', 'https://1080.hdphimonline.com/20220410/12818_ec3ee2bb/index.m3u8', 18),
    (223, '216', 'https://1080.hdphimonline.com/20220410/12819_5534d04c/index.m3u8', 18),
    (224, '217', 'https://1080.hdphimonline.com/20220410/12820_dac7e250/index.m3u8', 18),
    (225, '218', 'https://1080.hdphimonline.com/20220410/12821_d09900b5/index.m3u8', 18),
    (226, '219', 'https://1080.hdphimonline.com/20220410/12822_db19fa2b/index.m3u8', 18),
    (227, '220', 'https://1080.hdphimonline.com/20220410/12823_cafdd5ea/index.m3u8', 18),
    (228, '1', 'https://1080.hdphimonline.com/20220304/879_6a052982/index.m3u8', 17),
    (229, '2', 'https://1080.hdphimonline.com/20220304/880_67985097/index.m3u8', 17),
    (230, '3', 'https://1080.hdphimonline.com/20220304/878_5231d0c5/index.m3u8', 17),
    (231, '4', 'https://1080.hdphimonline.com/20220304/881_4be4579a/index.m3u8', 17),
    (232, '5', 'https://1080.hdphimonline.com/20220304/885_92525c2a/index.m3u8', 17),
    (233, '6', 'https://1080.hdphimonline.com/20220304/883_25d0bd7a/index.m3u8', 17),
    (234, '7', 'https://1080.hdphimonline.com/20220304/882_9d8d4e1b/index.m3u8', 17),
    (235, '8', 'https://1080.hdphimonline.com/20220304/884_2533df88/index.m3u8', 17),
    (236, '9', 'https://1080.hdphimonline.com/20220304/886_799f834c/index.m3u8', 17),
    (237, '10', 'https://1080.hdphimonline.com/20220304/889_84542f71/index.m3u8', 17),
    (238, '11', 'https://1080.hdphimonline.com/20220303/860_e06f8ee6/index.m3u8', 17),
    (239, '12', 'https://1080.hdphimonline.com/20220303/861_88192ce7/index.m3u8', 17),
    (240, '13', 'https://1080.hdphimonline.com/20220303/863_3d9e2685/index.m3u8', 17),
    (241, '14', 'https://1080.hdphimonline.com/20220303/862_8d3cb1b4/index.m3u8', 17),
    (242, '15', 'https://1080.hdphimonline.com/20220303/864_7769f1bf/index.m3u8', 17),
    (243, '16', 'https://1080.hdphimonline.com/20220304/887_7f2059ab/index.m3u8', 17),
    (244, '17', 'https://1080.hdphimonline.com/20220303/867_e45d26c1/index.m3u8', 17),
    (245, '18', 'https://1080.hdphimonline.com/20220304/888_58a2dec1/index.m3u8', 17),
    (246, '19', 'https://1080.hdphimonline.com/20220408/11600_af40b58f/index.m3u8', 17),
    (247, '20', 'https://1080.hdphimonline.com/20220408/11601_14fca4cc/index.m3u8', 17),
    (248, '21', 'https://1080.hdphimonline.com/20220408/11602_b48c4ed4/index.m3u8', 17),
    (249, '22', 'https://1080.hdphimonline.com/20220408/11603_6ac2b6da/index.m3u8', 17),
    (250, '23', 'https://1080.hdphimonline.com/20220408/11604_680d8b49/index.m3u8', 17),
    (251, '24', 'https://1080.hdphimonline.com/20220408/11605_ba83a2c0/index.m3u8', 17),
    (252, '25', 'https://1080.hdphimonline.com/20220408/11606_9920f406/index.m3u8', 17),
    (253, '26', 'https://1080.hdphimonline.com/20220408/11607_61c6de55/index.m3u8', 17),
    (254, '27', 'https://1080.hdphimonline.com/20220408/11608_bd069890/index.m3u8', 17),
    (255, '28', 'https://1080.hdphimonline.com/20220408/11609_3b663120/index.m3u8', 17),
    (256, '29', 'https://1080.hdphimonline.com/20220408/11610_6fce34ac/index.m3u8', 17),
    (257, '30', 'https://1080.hdphimonline.com/20220408/11611_352fe996/index.m3u8', 17),
    (258, '31', 'https://1080.hdphimonline.com/20220408/11612_1e4156fb/index.m3u8', 17),
    (259, '32', 'https://1080.hdphimonline.com/20220408/11613_872b5d62/index.m3u8', 17),
    (260, '33', 'https://1080.hdphimonline.com/20220408/11614_5b3e5ff8/index.m3u8', 17),
    (261, '34', 'https://1080.hdphimonline.com/20220408/11615_ece2c5e5/index.m3u8', 17),
    (262, '35', 'https://1080.hdphimonline.com/20220408/11616_3288244e/index.m3u8', 17),
    (263, '36', 'https://1080.hdphimonline.com/20220408/11617_5001e39e/index.m3u8', 17),
    (264, '37', 'https://1080.hdphimonline.com/20220408/11618_5f5350e3/index.m3u8', 17),
    (265, '38', 'https://1080.hdphimonline.com/20220408/11619_c6c037e5/index.m3u8', 17),
    (266, '39', 'https://1080.hdphimonline.com/20220408/11620_ca176e04/index.m3u8', 17),
    (267, '40', 'https://1080.hdphimonline.com/20220408/11621_5d65b743/index.m3u8', 17),
    (268, '41', 'https://1080.hdphimonline.com/20220408/11622_6c04549c/index.m3u8', 17),
    (269, '42', 'https://1080.hdphimonline.com/20220408/11623_db99b409/index.m3u8', 17),
    (270, '43', 'https://1080.hdphimonline.com/20220408/11624_9240be91/index.m3u8', 17),
    (271, '44', 'https://1080.hdphimonline.com/20220408/11625_6a99008d/index.m3u8', 17),
    (272, '45', 'https://1080.hdphimonline.com/20220408/11626_c2b435a0/index.m3u8', 17),
    (273, '46', 'https://1080.hdphimonline.com/20220408/11627_d43ee25f/index.m3u8', 17),
    (274, '47', 'https://1080.hdphimonline.com/20220408/11628_45649baa/index.m3u8', 17),
    (275, '48', 'https://1080.hdphimonline.com/20220408/11629_8810f01f/index.m3u8', 17),
    (276, '49', 'https://1080.hdphimonline.com/20220408/11630_cec6cad0/index.m3u8', 17),
    (277, '50', 'https://1080.hdphimonline.com/20220408/11631_0e160dbe/index.m3u8', 17),
    (278, '51', 'https://1080.hdphimonline.com/20220408/11632_7d8a6689/index.m3u8', 17),
    (279, '52', 'https://1080.hdphimonline.com/20220408/11633_3d00e3aa/index.m3u8', 17),
    (280, '53', 'https://1080.hdphimonline.com/20220408/11634_0df4190e/index.m3u8', 17),
    (281, '54', 'https://1080.hdphimonline.com/20220408/11635_ce0d137d/index.m3u8', 17),
    (282, '55', 'https://1080.hdphimonline.com/20220408/11636_b9a3b286/index.m3u8', 17),
    (283, '56', 'https://1080.hdphimonline.com/20220408/11637_0f0c27cd/index.m3u8', 17),
    (284, '57', 'https://1080.hdphimonline.com/20220408/11638_dcd1f01c/index.m3u8', 17),
    (285, '58', 'https://1080.hdphimonline.com/20220408/11639_51cf1cb3/index.m3u8', 17),
    (286, '59', 'https://1080.hdphimonline.com/20220408/11640_9749a439/index.m3u8', 17),
    (287, '60', 'https://1080.hdphimonline.com/20220408/11641_32fca43c/index.m3u8', 17),
    (288, '61', 'https://1080.hdphimonline.com/20220408/11642_3c4529f8/index.m3u8', 17),
    (289, '62', 'https://1080.hdphimonline.com/20220408/11643_cf5d0e93/index.m3u8', 17),
    (290, '63', 'https://1080.hdphimonline.com/20220408/11644_c42eb3c3/index.m3u8', 17),
    (291, '64', 'https://1080.hdphimonline.com/20220408/11645_b670073e/index.m3u8', 17),
    (292, '65', 'https://1080.hdphimonline.com/20220408/11646_164239ac/index.m3u8', 17),
    (293, '66', 'https://1080.hdphimonline.com/20220408/11647_fb8ba1a0/index.m3u8', 17),
    (294, '67', 'https://1080.hdphimonline.com/20220408/11648_0d45b1b5/index.m3u8', 17),
    (295, '68', 'https://1080.hdphimonline.com/20220408/11649_957bb2b9/index.m3u8', 17),
    (296, '69', 'https://1080.hdphimonline.com/20220408/11650_38a0dcee/index.m3u8', 17),
    (297, '70', 'https://1080.hdphimonline.com/20220408/11651_e81a0490/index.m3u8', 17),
    (298, '71', 'https://1080.hdphimonline.com/20220408/11652_56fd6c9b/index.m3u8', 17),
    (299, '72', 'https://1080.hdphimonline.com/20220408/11653_23d9b990/index.m3u8', 17),
    (300, '73', 'https://1080.hdphimonline.com/20220408/11654_7c5da90d/index.m3u8', 17),
    (301, '74', 'https://1080.hdphimonline.com/20220408/11655_522f1b07/index.m3u8', 17),
    (302, '75', 'https://1080.hdphimonline.com/20220408/11656_ca2df9e9/index.m3u8', 17),
    (303, '76', 'https://1080.hdphimonline.com/20220408/11657_ba8bba3a/index.m3u8', 17),
    (304, '77', 'https://1080.hdphimonline.com/20220408/11658_ff1dae05/index.m3u8', 17),
    (305, '78', 'https://1080.hdphimonline.com/20220408/11659_f5abdfae/index.m3u8', 17),
    (306, '79', 'https://1080.hdphimonline.com/20220408/11660_788aaa3f/index.m3u8', 17),
    (307, '80', 'https://1080.hdphimonline.com/20220408/11661_0cf132d6/index.m3u8', 17),
    (308, '81', 'https://1080.hdphimonline.com/20220408/11662_73a65498/index.m3u8', 17),
    (309, '82', 'https://1080.hdphimonline.com/20220408/11663_4154d0de/index.m3u8', 17),
    (310, '83', 'https://1080.hdphimonline.com/20220408/11664_ff6b53a4/index.m3u8', 17),
    (311, '84', 'https://1080.hdphimonline.com/20220408/11665_bc78088f/index.m3u8', 17),
    (312, '85', 'https://1080.hdphimonline.com/20220408/11666_1a718644/index.m3u8', 17),
    (313, '86', 'https://1080.hdphimonline.com/20220408/11667_8306a210/index.m3u8', 17),
    (314, '87', 'https://1080.hdphimonline.com/20220408/11668_a75e1902/index.m3u8', 17),
    (315, '88', 'https://1080.hdphimonline.com/20220408/11669_3ce7d77e/index.m3u8', 17),
    (316, '89', 'https://1080.hdphimonline.com/20220408/11670_e7a9889b/index.m3u8', 17),
    (317, '90', 'https://1080.hdphimonline.com/20220408/11671_5ef957e1/index.m3u8', 17),
    (318, '91', 'https://1080.hdphimonline.com/20220408/11672_ae692be2/index.m3u8', 17),
    (319, '92', 'https://1080.hdphimonline.com/20220408/11673_3ab3852f/index.m3u8', 17),
    (320, '93', 'https://1080.hdphimonline.com/20220408/11674_063c9009/index.m3u8', 17),
    (321, '94', 'https://1080.hdphimonline.com/20220408/11675_8c0a32a6/index.m3u8', 17),
    (322, '95', 'https://1080.hdphimonline.com/20220408/11676_905b0103/index.m3u8', 17),
    (323, '96', 'https://1080.hdphimonline.com/20220408/11677_0415f91d/index.m3u8', 17),
    (324, '97', 'https://1080.hdphimonline.com/20220408/11678_870bb347/index.m3u8', 17),
    (325, '98', 'https://1080.hdphimonline.com/20220408/11679_3dfd6a42/index.m3u8', 17),
    (326, '99', 'https://1080.hdphimonline.com/20220408/11680_a684d7e8/index.m3u8', 17),
    (327, '100', 'https://1080.hdphimonline.com/20220408/11681_022b2241/index.m3u8', 17),
    (328, '101', 'https://1080.hdphimonline.com/20220408/11682_25265280/index.m3u8', 17),
    (329, '102', 'https://1080.hdphimonline.com/20220408/11683_bd453069/index.m3u8', 17),
    (330, '103', 'https://1080.hdphimonline.com/20220408/11684_9619bf9c/index.m3u8', 17),
    (331, '104', 'https://1080.hdphimonline.com/20220408/11685_37d9f26a/index.m3u8', 17),
    (332, '105', 'https://1080.hdphimonline.com/20220408/11686_23b758bb/index.m3u8', 17),
    (333, '106', 'https://1080.hdphimonline.com/20220408/11687_ad5becca/index.m3u8', 17),
    (334, '107', 'https://1080.hdphimonline.com/20220408/11688_255254f2/index.m3u8', 17),
    (335, '108', 'https://1080.hdphimonline.com/20220408/11689_47f0307f/index.m3u8', 17),
    (336, '109', 'https://1080.hdphimonline.com/20220408/11690_4c150581/index.m3u8', 17),
    (337, '110', 'https://1080.hdphimonline.com/20220408/11691_5a59010b/index.m3u8', 17),
    (338, '111', 'https://1080.hdphimonline.com/20220408/11692_f4d080e0/index.m3u8', 17),
    (339, '112', 'https://1080.hdphimonline.com/20220408/11693_8145f079/index.m3u8', 17),
    (340, '113', 'https://1080.hdphimonline.com/20220408/11694_3644f426/index.m3u8', 17),
    (341, '114', 'https://1080.hdphimonline.com/20220408/11695_b10dad42/index.m3u8', 17),
    (342, '115', 'https://1080.hdphimonline.com/20220408/11696_488dddeb/index.m3u8', 17),
    (343, '116', 'https://1080.hdphimonline.com/20220408/11697_ec3d791a/index.m3u8', 17),
    (344, '117', 'https://1080.hdphimonline.com/20220408/11698_1a0ffabc/index.m3u8', 17),
    (345, '118', 'https://1080.hdphimonline.com/20220408/11699_a4d8bc4e/index.m3u8', 17),
    (346, '119', 'https://1080.hdphimonline.com/20220408/11700_96a53df5/index.m3u8', 17),
    (347, '120', 'https://1080.hdphimonline.com/20220408/11701_b0b701d9/index.m3u8', 17),
    (348, '121', 'https://1080.hdphimonline.com/20220408/11702_9d5727d9/index.m3u8', 17),
    (349, '122', 'https://1080.hdphimonline.com/20220409/12217_cffaf589/index.m3u8', 17),
    (350, '123', 'https://1080.hdphimonline.com/20220409/12218_a0fe1e89/index.m3u8', 17),
    (351, '124', 'https://1080.hdphimonline.com/20220409/12219_fd8ff964/index.m3u8', 17),
    (352, '125', 'https://1080.hdphimonline.com/20220409/12220_229938dd/index.m3u8', 17),
    (353, '126', 'https://1080.hdphimonline.com/20220409/12221_9dd0e621/index.m3u8', 17),
    (354, '127', 'https://1080.hdphimonline.com/20220409/12222_72e758de/index.m3u8', 17),
    (355, '128', 'https://1080.hdphimonline.com/20220409/12223_34aa583e/index.m3u8', 17),
    (356, '129', 'https://1080.hdphimonline.com/20220409/12224_6e4ee2e7/index.m3u8', 17),
    (357, '130', 'https://1080.hdphimonline.com/20220409/12225_8cfc76b3/index.m3u8', 17),
    (358, '131', 'https://1080.hdphimonline.com/20220409/12226_68b6f29d/index.m3u8', 17),
    (359, '132', 'https://1080.hdphimonline.com/20220409/12227_bee133a9/index.m3u8', 17),
    (360, '133', 'https://1080.hdphimonline.com/20220409/12228_95ebbccd/index.m3u8', 17),
    (361, '134', 'https://1080.hdphimonline.com/20220409/12229_2569af01/index.m3u8', 17),
    (362, '135', 'https://1080.hdphimonline.com/20220409/12230_62ae43bc/index.m3u8', 17),
    (363, '136', 'https://1080.hdphimonline.com/20220409/12231_b106e8e4/index.m3u8', 17),
    (364, '137', 'https://1080.hdphimonline.com/20220409/12232_a10e3e77/index.m3u8', 17),
    (365, '138', 'https://1080.hdphimonline.com/20220409/12233_e8bc1a94/index.m3u8', 17),
    (366, '139', 'https://1080.hdphimonline.com/20220409/12234_5d332acb/index.m3u8', 17),
    (367, '140', 'https://1080.hdphimonline.com/20220409/12235_e5640805/index.m3u8', 17),
    (368, '141', 'https://1080.hdphimonline.com/20220409/12236_8ed35db5/index.m3u8', 17),
    (369, '142', 'https://1080.hdphimonline.com/20220409/12237_99be0243/index.m3u8', 17),
    (370, '143', 'https://1080.hdphimonline.com/20220409/12238_0d4c5e02/index.m3u8', 17),
    (371, '144', 'https://1080.hdphimonline.com/20220409/12239_ccb60b46/index.m3u8', 17),
    (372, '145', 'https://1080.hdphimonline.com/20220409/12240_05096a84/index.m3u8', 17),
    (373, '146', 'https://1080.hdphimonline.com/20220409/12241_47485562/index.m3u8', 17),
    (374, '147', 'https://1080.hdphimonline.com/20220409/12242_1948db4b/index.m3u8', 17),
    (375, '148', 'https://1080.hdphimonline.com/20220409/12243_35ce9a6a/index.m3u8', 17),
    (376, '149', 'https://1080.hdphimonline.com/20220409/12244_2ffbbdea/index.m3u8', 17),
    (377, '150', 'https://1080.hdphimonline.com/20220409/12245_bc191596/index.m3u8', 17),
    (378, '151', 'https://1080.hdphimonline.com/20220409/12246_64131873/index.m3u8', 17),
    (379, '152', 'https://1080.hdphimonline.com/20220409/12247_bdbd99c8/index.m3u8', 17),
    (380, '153', 'https://1080.hdphimonline.com/20220409/12248_0c3774b1/index.m3u8', 17),
    (381, '154', 'https://1080.hdphimonline.com/20220409/12249_6bc658f7/index.m3u8', 17),
    (382, '155', 'https://1080.hdphimonline.com/20220409/12250_174b6406/index.m3u8', 17),
    (383, '156', 'https://1080.hdphimonline.com/20220409/12251_463337b9/index.m3u8', 17),
    (384, '157', 'https://1080.hdphimonline.com/20220409/12252_573324a5/index.m3u8', 17),
    (385, '158', 'https://1080.hdphimonline.com/20220409/12253_279d3a7b/index.m3u8', 17),
    (386, '159', 'https://1080.hdphimonline.com/20220409/12254_aa64cad5/index.m3u8', 17),
    (387, '160', 'https://1080.hdphimonline.com/20220409/12255_f8108c8b/index.m3u8', 17),
    (388, '161', 'https://1080.hdphimonline.com/20220409/12256_8df536b2/index.m3u8', 17),
    (389, '162', 'https://1080.hdphimonline.com/20220409/12257_40edc83a/index.m3u8', 17),
    (390, '163', 'https://1080.hdphimonline.com/20220409/12258_2adfe2ea/index.m3u8', 17),
    (391, '164', 'https://1080.hdphimonline.com/20220409/12259_762b0b70/index.m3u8', 17),
    (392, '165', 'https://1080.hdphimonline.com/20220409/12260_e6cbff1b/index.m3u8', 17),
    (393, '166', 'https://1080.hdphimonline.com/20220409/12261_f05e5aa8/index.m3u8', 17),
    (394, '167', 'https://1080.hdphimonline.com/20220409/12262_131a3e2d/index.m3u8', 17),
    (395, '168', 'https://1080.hdphimonline.com/20220409/12263_fd964dff/index.m3u8', 17),
    (396, '169', 'https://1080.hdphimonline.com/20220409/12264_db3aef5d/index.m3u8', 17),
    (397, '170', 'https://1080.hdphimonline.com/20220409/12265_1575ed1e/index.m3u8', 17),
    (398, '171', 'https://1080.hdphimonline.com/20220409/12266_597f8dea/index.m3u8', 17),
    (399, '172', 'https://1080.hdphimonline.com/20220409/12267_1d2199fd/index.m3u8', 17),
    (400, '173', 'https://1080.hdphimonline.com/20220409/12268_8e765291/index.m3u8', 17),
    (401, '174', 'https://1080.hdphimonline.com/20220409/12269_1656c212/index.m3u8', 17),
    (402, '175', 'https://1080.hdphimonline.com/20220409/12270_ffccd3e1/index.m3u8', 17),
    (403, '176', 'https://1080.hdphimonline.com/20220409/12271_d7efefa3/index.m3u8', 17),
    (404, '177', 'https://1080.hdphimonline.com/20220409/12272_f51b8afc/index.m3u8', 17),
    (405, '178', 'https://1080.hdphimonline.com/20220409/12273_4e3fd44c/index.m3u8', 17),
    (406, '179', 'https://1080.hdphimonline.com/20220409/12274_bd65ec50/index.m3u8', 17),
    (407, '180', 'https://1080.hdphimonline.com/20220409/12275_58fe4859/index.m3u8', 17),
    (408, '181', 'https://1080.hdphimonline.com/20220409/12276_52515c09/index.m3u8', 17),
    (409, '182', 'https://1080.hdphimonline.com/20220409/12277_d3494549/index.m3u8', 17),
    (410, '183', 'https://1080.hdphimonline.com/20220409/12278_e44e3dd5/index.m3u8', 17),
    (411, '184', 'https://1080.hdphimonline.com/20220409/12279_588357cf/index.m3u8', 17),
    (412, '185', 'https://1080.hdphimonline.com/20220409/12280_3a4221d2/index.m3u8', 17),
    (413, '186', 'https://1080.hdphimonline.com/20220409/12281_b5afaf50/index.m3u8', 17),
    (414, '187', 'https://1080.hdphimonline.com/20220409/12282_897f1f22/index.m3u8', 17),
    (415, '188', 'https://1080.hdphimonline.com/20220409/12283_20b0a4e3/index.m3u8', 17),
    (416, '189', 'https://1080.hdphimonline.com/20220409/12284_34551113/index.m3u8', 17),
    (417, '190', 'https://1080.hdphimonline.com/20220409/12285_7c3d2020/index.m3u8', 17),
    (418, '191', 'https://1080.hdphimonline.com/20220409/12286_80b80960/index.m3u8', 17),
    (419, '192', 'https://1080.hdphimonline.com/20220409/12287_4bbc2652/index.m3u8', 17),
    (420, '193', 'https://1080.hdphimonline.com/20220409/12288_0d8fe00b/index.m3u8', 17),
    (421, '194', 'https://1080.hdphimonline.com/20220409/12289_75e203e1/index.m3u8', 17),
    (422, '195', 'https://1080.hdphimonline.com/20220409/12290_2eec19fe/index.m3u8', 17),
    (423, '196', 'https://1080.hdphimonline.com/20220409/12291_2762e226/index.m3u8', 17),
    (424, '197', 'https://1080.hdphimonline.com/20220409/12292_6f3c2733/index.m3u8', 17),
    (425, '198', 'https://1080.hdphimonline.com/20220409/12293_484b1e56/index.m3u8', 17),
    (426, '199', 'https://1080.hdphimonline.com/20220409/12294_d3d4ed8d/index.m3u8', 17),
    (427, '200', 'https://1080.hdphimonline.com/20220409/12295_3862cb0e/index.m3u8', 17),
    (428, '201', 'https://1080.hdphimonline.com/20220409/12296_c8dfe6af/index.m3u8', 17),
    (429, '202', 'https://1080.hdphimonline.com/20220409/12297_4e8b9eba/index.m3u8', 17),
    (430, '203', 'https://1080.hdphimonline.com/20220409/12298_3d212691/index.m3u8', 17),
    (431, '204', 'https://1080.hdphimonline.com/20220409/12299_9321f927/index.m3u8', 17),
    (432, '205', 'https://1080.hdphimonline.com/20220409/12300_0c498b88/index.m3u8', 17),
    (433, '206', 'https://1080.hdphimonline.com/20220409/12301_f88b2dea/index.m3u8', 17),
    (434, '207', 'https://1080.hdphimonline.com/20220409/12302_64c8b62e/index.m3u8', 17),
    (435, '208', 'https://1080.hdphimonline.com/20220409/12303_ca7eba93/index.m3u8', 17),
    (436, '209', 'https://1080.hdphimonline.com/20220409/12304_ed5c2811/index.m3u8', 17),
    (437, '210', 'https://1080.hdphimonline.com/20220409/12305_8df1e007/index.m3u8', 17),
    (438, '211', 'https://1080.hdphimonline.com/20220409/12306_03028a45/index.m3u8', 17),
    (439, '212', 'https://1080.hdphimonline.com/20220409/12307_4f5fe757/index.m3u8', 17),
    (440, '213', 'https://1080.hdphimonline.com/20220409/12308_c4737bf0/index.m3u8', 17),
    (441, '214', 'https://1080.hdphimonline.com/20220409/12309_8a800204/index.m3u8', 17),
    (442, '215-216', 'https://1080.hdphimonline.com/20220409/12310_fde36f72/index.m3u8', 17),
    (443, '217', 'https://1080.hdphimonline.com/20220409/12311_8c96d46f/index.m3u8', 17),
    (444, '218', 'https://1080.hdphimonline.com/20220409/12312_cdbf6777/index.m3u8', 17),
    (445, '219', 'https://1080.hdphimonline.com/20220409/12313_687edc9e/index.m3u8', 17),
    (446, '220', 'https://1080.hdphimonline.com/20220409/12314_d63c454b/index.m3u8', 17),
    (447, '221', 'https://1080.hdphimonline.com/20220409/12315_273101d0/index.m3u8', 17),
    (448, '222', 'https://1080.hdphimonline.com/20220409/12316_95b85522/index.m3u8', 17),
    (449, '223', 'https://1080.hdphimonline.com/20220409/12317_2edee9da/index.m3u8', 17),
    (450, '224', 'https://1080.hdphimonline.com/20220409/12318_fc0d8be0/index.m3u8', 17),
    (451, '225', 'https://1080.hdphimonline.com/20220409/12319_d46c69bc/index.m3u8', 17),
    (452, '226', 'https://1080.hdphimonline.com/20220409/12309_8a800204/index.m3u8', 17),
    (453, '227-228', 'https://1080.hdphimonline.com/20220409/12320_b9504e9d/index.m3u8', 17),
    (454, '229', 'https://1080.hdphimonline.com/20220409/12321_932195de/index.m3u8', 17),
    (455, '230', 'https://1080.hdphimonline.com/20220409/12322_56b48797/index.m3u8', 17),
    (456, '231', 'https://1080.hdphimonline.com/20220409/12323_9fb319b3/index.m3u8', 17),
    (457, '232', 'https://1080.hdphimonline.com/20220409/12324_499a9cb4/index.m3u8', 17),
    (458, '233', 'https://1080.hdphimonline.com/20220409/12325_bc923e2c/index.m3u8', 17),
    (459, '234', 'https://1080.hdphimonline.com/20220409/12326_a41c6fd6/index.m3u8', 17),
    (460, '235', 'https://1080.hdphimonline.com/20220409/12327_d88c7c28/index.m3u8', 17),
    (461, '236', 'https://1080.hdphimonline.com/20220409/12328_72b44d6a/index.m3u8', 17),
    (462, '237', 'https://1080.hdphimonline.com/20220409/12329_23bb446d/index.m3u8', 17),
    (463, '238', 'https://1080.hdphimonline.com/20220409/12330_6066c970/index.m3u8', 17),
    (464, '239', 'https://1080.hdphimonline.com/20220409/12331_25122280/index.m3u8', 17),
    (465, '240', 'https://1080.hdphimonline.com/20220409/12332_bca49d0f/index.m3u8', 17),
    (466, '241', 'https://1080.hdphimonline.com/20220409/12333_c4f5e1b3/index.m3u8', 17),
    (467, '242', 'https://1080.hdphimonline.com/20220409/12334_a6cd3141/index.m3u8', 17),
    (468, '243', 'https://1080.hdphimonline.com/20220409/12335_e3537f31/index.m3u8', 17),
    (469, '244', 'https://1080.hdphimonline.com/20220409/12336_c9a72284/index.m3u8', 17),
    (470, '245', 'https://1080.hdphimonline.com/20220409/12337_e28fc3d9/index.m3u8', 17),
    (471, '246', 'https://1080.hdphimonline.com/20220410/12864_9f9823cd/index.m3u8', 17),
    (472, '247', 'https://1080.hdphimonline.com/20220410/12865_192407ef/index.m3u8', 17),
    (473, '248', 'https://1080.hdphimonline.com/20220410/12866_98801d5f/index.m3u8', 17),
    (474, '249', 'https://1080.hdphimonline.com/20220410/12867_64dd9183/index.m3u8', 17),
    (475, '250', 'https://1080.hdphimonline.com/20220410/12890_ac2119c5/index.m3u8', 17),
    (476, '251', 'https://1080.hdphimonline.com/20220410/12891_59f228fb/index.m3u8', 17),
    (477, '252', 'https://1080.hdphimonline.com/20220410/12868_11f77fa8/index.m3u8', 17),
    (478, '253', 'https://1080.hdphimonline.com/20220410/12869_31d3ce32/index.m3u8', 17),
    (479, '254', 'https://1080.hdphimonline.com/20220410/12870_69407723/index.m3u8', 17),
    (480, '255', 'https://1080.hdphimonline.com/20220410/12871_9d99ad16/index.m3u8', 17),
    (481, '256', 'https://1080.hdphimonline.com/20220410/12872_5b594c04/index.m3u8', 17),
    (482, '257', 'https://1080.hdphimonline.com/20220410/12892_143c6ae5/index.m3u8', 17),
    (483, '258', 'https://1080.hdphimonline.com/20220410/12873_d22cb9d4/index.m3u8', 17),
    (484, '259', 'https://1080.hdphimonline.com/20220410/12874_76bcc6fd/index.m3u8', 17),
    (485, '260', 'https://1080.hdphimonline.com/20220410/12875_9f453fdc/index.m3u8', 17),
    (486, '261', 'https://1080.hdphimonline.com/20220410/12876_cd521172/index.m3u8', 17),
    (487, '262', 'https://1080.hdphimonline.com/20220410/12877_766a6b19/index.m3u8', 17),
    (488, '263', 'https://1080.hdphimonline.com/20220410/12878_aa30bf31/index.m3u8', 17),
    (489, '264', 'https://1080.hdphimonline.com/20220410/12879_e15bd3cb/index.m3u8', 17),
    (490, '265', 'https://1080.hdphimonline.com/20220410/12880_e38c2dea/index.m3u8', 17),
    (491, '266', 'https://1080.hdphimonline.com/20220410/12881_d4c73c55/index.m3u8', 17),
    (492, '267', 'https://1080.hdphimonline.com/20220410/12882_06eb5eec/index.m3u8', 17),
    (493, '268', 'https://1080.hdphimonline.com/20220410/12893_c2fc749d/index.m3u8', 17),
    (494, '269', 'https://1080.hdphimonline.com/20220410/12894_c16fc3c7/index.m3u8', 17),
    (495, '270', 'https://1080.hdphimonline.com/20220410/12883_f4797f1c/index.m3u8', 17),
    (496, '271', 'https://1080.hdphimonline.com/20220410/12884_61843eb4/index.m3u8', 17),
    (497, '272', 'https://1080.hdphimonline.com/20220410/12885_42e3b71e/index.m3u8', 17),
    (498, '273', 'https://1080.hdphimonline.com/20220410/12886_d9677f0f/index.m3u8', 17),
    (499, '274', 'https://1080.hdphimonline.com/20220410/12887_90689a97/index.m3u8', 17),
    (500, '275', 'https://1080.hdphimonline.com/20220410/12888_fb21acc1/index.m3u8', 17),
    (501, '276', 'https://1080.hdphimonline.com/20220410/12889_16a8ee22/index.m3u8', 17),
    (502, '277-278', 'https://1080.hdphimonline.com/20220410/12895_ddd2d38a/index.m3u8', 17),
    (503, '280', 'https://1080.hdphimonline.com/20220410/12897_966dad41/index.m3u8', 17),
    (504, '281', 'https://1080.hdphimonline.com/20220410/12898_de955ffd/index.m3u8', 17),
    (505, '282', 'https://1080.hdphimonline.com/20220410/12899_2b481eec/index.m3u8', 17),
    (506, '283', 'https://1080.hdphimonline.com/20220410/12900_ffa0c027/index.m3u8', 17),
    (507, '284', 'https://1080.hdphimonline.com/20220410/12901_71cc8d41/index.m3u8', 17),
    (508, '285', 'https://1080.hdphimonline.com/20220410/12902_e92fb3ed/index.m3u8', 17),
    (509, '286', 'https://1080.hdphimonline.com/20220410/12903_63877182/index.m3u8', 17),
    (510, '287', 'https://1080.hdphimonline.com/20220410/12904_b4e5cf43/index.m3u8', 17),
    (511, '288', 'https://1080.hdphimonline.com/20220410/12905_33629e78/index.m3u8', 17),
    (512, '289', 'https://1080.hdphimonline.com/20220410/12906_de1f601e/index.m3u8', 17),
    (513, '290', 'https://1080.hdphimonline.com/20220410/12907_3a0e06b2/index.m3u8', 17),
    (514, '291', 'https://1080.hdphimonline.com/20220410/12908_131c26b6/index.m3u8', 17),
    (515, '292', 'https://1080.hdphimonline.com/20220410/12909_88bd97bf/index.m3u8', 17),
    (516, '293', 'https://1080.hdphimonline.com/20220410/12910_45a856ae/index.m3u8', 17),
    (517, '294', 'https://1080.hdphimonline.com/20220410/12911_aa992222/index.m3u8', 17),
    (518, '295', 'https://1080.hdphimonline.com/20220410/12912_9e1bb3d7/index.m3u8', 17),
    (519, '296', 'https://1080.hdphimonline.com/20220410/12913_5122900a/index.m3u8', 17),
    (520, '297', 'https://1080.hdphimonline.com/20220410/12914_3dd99103/index.m3u8', 17),
    (521, '298', 'https://1080.hdphimonline.com/20220410/12915_fe6e2bfa/index.m3u8', 17),
    (522, '299', 'https://1080.hdphimonline.com/20220410/12916_e550587a/index.m3u8', 17),
    (523, '300', 'https://1080.hdphimonline.com/20220410/12917_e4794f36/index.m3u8', 17),
    (524, '301', 'https://1080.hdphimonline.com/20220410/12918_e591e579/index.m3u8', 17),
    (525, '302', 'https://1080.hdphimonline.com/20220410/12919_1cd1c7ea/index.m3u8', 17),
    (526, '303', 'https://1080.hdphimonline.com/20220410/12920_02036fb2/index.m3u8', 17),
    (527, '304', 'https://1080.hdphimonline.com/20220410/12921_407068a0/index.m3u8', 17),
    (528, '305', 'https://1080.hdphimonline.com/20220410/12922_6612e4fd/index.m3u8', 17),
    (529, '306', 'https://1080.hdphimonline.com/20220410/12923_7f4f4a2e/index.m3u8', 17),
    (530, '307', 'https://1080.hdphimonline.com/20220410/12924_784dc4c7/index.m3u8', 17),
    (531, '308', 'https://1080.hdphimonline.com/20220410/12925_829cfb93/index.m3u8', 17),
    (532, '309', 'https://1080.hdphimonline.com/20220410/12926_6dbc390f/index.m3u8', 17),
    (533, '310', 'https://1080.hdphimonline.com/20220410/12927_ea82e765/index.m3u8', 17),
    (534, '311', 'https://1080.hdphimonline.com/20220410/12928_bbc6d287/index.m3u8', 17),
    (535, '312', 'https://1080.hdphimonline.com/20220410/12929_0f410d71/index.m3u8', 17),
    (536, '313', 'https://1080.hdphimonline.com/20220410/12930_697e1201/index.m3u8', 17),
    (537, '314', 'https://1080.hdphimonline.com/20220410/12931_1ec3ec9e/index.m3u8', 17),
    (538, '315', 'https://1080.hdphimonline.com/20220410/12932_2860d497/index.m3u8', 17),
    (539, '316', 'https://1080.hdphimonline.com/20220410/12933_d1091b80/index.m3u8', 17),
    (540, '317', 'https://1080.hdphimonline.com/20220410/12934_9db2201a/index.m3u8', 17),
    (541, '318', 'https://1080.hdphimonline.com/20220410/12935_b108d6ef/index.m3u8', 17),
    (542, '319', 'https://1080.hdphimonline.com/20220410/12936_98f64422/index.m3u8', 17),
    (543, '320', 'https://1080.hdphimonline.com/20220410/12937_9db40495/index.m3u8', 17),
    (544, '321', 'https://1080.hdphimonline.com/20220410/12938_8c2d5ead/index.m3u8', 17),
    (545, '322', 'https://1080.hdphimonline.com/20220410/12939_7bd0b7d3/index.m3u8', 17),
    (546, '323', 'https://1080.hdphimonline.com/20220410/12940_7c8258cc/index.m3u8', 17),
    (547, '324', 'https://1080.hdphimonline.com/20220410/12941_d7febc05/index.m3u8', 17),
    (548, '325', 'https://1080.hdphimonline.com/20220410/12942_ff6de264/index.m3u8', 17),
    (549, '326', 'https://1080.hdphimonline.com/20220410/12943_d2e86b0e/index.m3u8', 17),
    (550, '327', 'https://1080.hdphimonline.com/20220410/12944_5e7bf9ab/index.m3u8', 17),
    (551, '328', 'https://1080.hdphimonline.com/20220410/12945_320805e4/index.m3u8', 17),
    (552, '329', 'https://1080.hdphimonline.com/20220410/12946_070c621a/index.m3u8', 17),
    (553, '330', 'https://1080.hdphimonline.com/20220410/12947_e4e9a6ca/index.m3u8', 17),
    (554, '331', 'https://1080.hdphimonline.com/20220410/12948_9da66532/index.m3u8', 17),
    (555, '332', 'https://1080.hdphimonline.com/20220410/12949_7dbeca2a/index.m3u8', 17),
    (556, '333', 'https://1080.hdphimonline.com/20220410/12950_7e4e04f6/index.m3u8', 17),
    (557, '334', 'https://1080.hdphimonline.com/20220410/12951_0857fe28/index.m3u8', 17),
    (558, '335', 'https://1080.hdphimonline.com/20220410/12952_c512f168/index.m3u8', 17),
    (559, '336', 'https://1080.hdphimonline.com/20220410/12953_a263d2f5/index.m3u8', 17),
    (560, '337', 'https://1080.hdphimonline.com/20220410/12954_b83176a3/index.m3u8', 17),
    (561, '338', 'https://1080.hdphimonline.com/20220410/12955_7a0ab74b/index.m3u8', 17),
    (562, '339', 'https://1080.hdphimonline.com/20220410/12956_fbb8edaf/index.m3u8', 17),
    (563, '340', 'https://1080.hdphimonline.com/20220410/12957_02f1eebb/index.m3u8', 17),
    (564, '341', 'https://1080.hdphimonline.com/20220415/15182_555a7044/index.m3u8', 17),
    (565, '342', 'https://1080.hdphimonline.com/20220415/15183_10716096/index.m3u8', 17),
    (566, '343', 'https://1080.hdphimonline.com/20220415/15184_63f4d672/index.m3u8', 17),
    (567, '344', 'https://1080.hdphimonline.com/20220415/15185_8c3a4f6c/index.m3u8', 17),
    (568, '345', 'https://1080.hdphimonline.com/20220415/15186_5c39cc66/index.m3u8', 17),
    (569, '346', 'https://1080.hdphimonline.com/20220415/15187_b6e48a52/index.m3u8', 17),
    (570, '347', 'https://1080.hdphimonline.com/20220415/15188_c7bdb544/index.m3u8', 17),
    (571, '348', 'https://1080.hdphimonline.com/20220415/15189_254657db/index.m3u8', 17),
    (572, '349', 'https://1080.hdphimonline.com/20220415/15190_71cf826f/index.m3u8', 17),
    (573, '350', 'https://1080.hdphimonline.com/20220415/15191_2ce4dd36/index.m3u8', 17),
    (574, '351', 'https://1080.hdphimonline.com/20220415/15192_79383ecb/index.m3u8', 17),
    (575, '352', 'https://1080.hdphimonline.com/20220415/15193_da1f90ef/index.m3u8', 17),
    (576, '353', 'https://1080.hdphimonline.com/20220415/15194_5acb32b7/index.m3u8', 17),
    (577, '354', 'https://1080.hdphimonline.com/20220415/15195_ef625c9a/index.m3u8', 17),
    (578, '355', 'https://1080.hdphimonline.com/20220415/15196_fcd6a9dd/index.m3u8', 17),
    (579, '356', 'https://1080.hdphimonline.com/20220415/15197_f83a01f1/index.m3u8', 17),
    (580, '357', 'https://1080.hdphimonline.com/20220415/15198_30184872/index.m3u8', 17),
    (581, '358', 'https://1080.hdphimonline.com/20220415/15199_30620fdf/index.m3u8', 17),
    (582, '359', 'https://1080.hdphimonline.com/20220415/15200_a0a6a632/index.m3u8', 17),
    (583, '360', 'https://1080.hdphimonline.com/20220415/15201_3b7d2e7b/index.m3u8', 17),
    (584, '361', 'https://1080.hdphimonline.com/20220415/15202_d0a83018/index.m3u8', 17),
    (585, '362', 'https://1080.hdphimonline.com/20220415/15203_05ebd40e/index.m3u8', 17),
    (586, '363', 'https://1080.hdphimonline.com/20220415/15204_6f67da1a/index.m3u8', 17),
    (587, '364', 'https://1080.hdphimonline.com/20220415/15205_3b4ae154/index.m3u8', 17),
    (588, '365', 'https://1080.hdphimonline.com/20220415/15206_b2a63ee2/index.m3u8', 17),
    (589, '366', 'https://1080.hdphimonline.com/20220415/15207_b3ac13a1/index.m3u8', 17),
    (590, '367', 'https://1080.hdphimonline.com/20220415/15208_d3ce3ac9/index.m3u8', 17),
    (591, '368', 'https://1080.hdphimonline.com/20220415/15209_034ba79f/index.m3u8', 17),
    (592, '369', 'https://1080.hdphimonline.com/20220415/15210_e0c0f4b4/index.m3u8', 17),
    (593, '370', 'https://1080.hdphimonline.com/20220415/15211_95b193a6/index.m3u8', 17),
    (594, '371', 'https://1080.hdphimonline.com/20220415/15212_fc8e9c45/index.m3u8', 17),
    (595, '372', 'https://1080.hdphimonline.com/20220415/15213_daa9752d/index.m3u8', 17),
    (596, '373', 'https://1080.hdphimonline.com/20220415/15214_230f7183/index.m3u8', 17),
    (597, '374', 'https://1080.hdphimonline.com/20220415/15215_f7dcdf00/index.m3u8', 17),
    (598, '375', 'https://1080.hdphimonline.com/20220415/15216_6671995c/index.m3u8', 17),
    (599, '376', 'https://1080.hdphimonline.com/20220415/15217_8686beb2/index.m3u8', 17),
    (600, '377', 'https://1080.hdphimonline.com/20220415/15218_915b79f4/index.m3u8', 17),
    (601, '378', 'https://1080.hdphimonline.com/20220415/15219_a34fa973/index.m3u8', 17),
    (602, '379', 'https://1080.hdphimonline.com/20220415/15220_4d7b5d44/index.m3u8', 17),
    (603, '380', 'https://1080.hdphimonline.com/20220415/15221_f131a32b/index.m3u8', 17),
    (604, '381', 'https://1080.hdphimonline.com/20220415/15222_18b75559/index.m3u8', 17),
    (605, '382', 'https://1080.hdphimonline.com/20220415/15223_85d35428/index.m3u8', 17),
    (606, '383', 'https://1080.hdphimonline.com/20220415/15224_29728d13/index.m3u8', 17),
    (607, '384', 'https://1080.hdphimonline.com/20220415/15225_ed2063d0/index.m3u8', 17),
    (608, '385', 'https://1080.hdphimonline.com/20220415/15226_81bc2dc1/index.m3u8', 17),
    (609, '386', 'https://1080.hdphimonline.com/20220415/15227_2455dfdd/index.m3u8', 17),
    (610, '387', 'https://1080.hdphimonline.com/20220415/15228_62b6b186/index.m3u8', 17),
    (611, '388', 'https://1080.hdphimonline.com/20220415/15229_4a79948b/index.m3u8', 17),
    (612, '389', 'https://1080.hdphimonline.com/20220415/15230_404f874a/index.m3u8', 17),
    (613, '390', 'https://1080.hdphimonline.com/20220415/15231_a446de92/index.m3u8', 17),
    (614, '391', 'https://1080.hdphimonline.com/20220415/15232_62aa0b5f/index.m3u8', 17),
    (615, '392', 'https://1080.hdphimonline.com/20220415/15233_b72cacb1/index.m3u8', 17),
    (616, '393', 'https://1080.hdphimonline.com/20220415/15234_adcbc351/index.m3u8', 17),
    (617, '394', 'https://1080.hdphimonline.com/20220415/15235_b92fe842/index.m3u8', 17),
    (618, '395', 'https://1080.hdphimonline.com/20220415/15236_e29bdd1d/index.m3u8', 17),
    (619, '396', 'https://1080.hdphimonline.com/20220415/15237_2d2c7097/index.m3u8', 17),
    (620, '397', 'https://1080.hdphimonline.com/20220415/15238_d411bf84/index.m3u8', 17),
    (621, '398', 'https://1080.hdphimonline.com/20220415/15239_5da37808/index.m3u8', 17),
    (622, '399', 'https://1080.hdphimonline.com/20220415/15240_61446b6f/index.m3u8', 17),
    (623, '400', 'https://1080.hdphimonline.com/20220415/15241_bd1f9a05/index.m3u8', 17),
    (624, '401', 'https://1080.hdphimonline.com/20220415/15242_2b5747fb/index.m3u8', 17),
    (625, '402', 'https://1080.hdphimonline.com/20220415/15243_1f89c0da/index.m3u8', 17),
    (626, '403', 'https://1080.hdphimonline.com/20220415/15244_070c2614/index.m3u8', 17),
    (627, '404', 'https://1080.hdphimonline.com/20220415/15245_5c53f6f8/index.m3u8', 17),
    (628, '405', 'https://1080.hdphimonline.com/20220415/15258_55b10c27/index.m3u8', 17),
    (629, '406', 'https://1080.hdphimonline.com/20220415/15246_b6a91fd0/index.m3u8', 17),
    (630, '407', 'https://1080.hdphimonline.com/20220415/15247_de2b3d70/index.m3u8', 17),
    (631, '408', 'https://1080.hdphimonline.com/20220415/15248_3daeaf8c/index.m3u8', 17),
    (632, '409', 'https://1080.hdphimonline.com/20220415/15249_f96ba75f/index.m3u8', 17),
    (633, '410', 'https://1080.hdphimonline.com/20220415/15250_73b7c3ad/index.m3u8', 17),
    (634, '411', 'https://1080.hdphimonline.com/20220415/15251_9cd0bd32/index.m3u8', 17),
    (635, '412', 'https://1080.hdphimonline.com/20220415/15252_20294ab4/index.m3u8', 17),
    (636, '413', 'https://1080.hdphimonline.com/20220415/15253_d9334efb/index.m3u8', 17),
    (637, '414', 'https://1080.hdphimonline.com/20220415/15254_104c9651/index.m3u8', 17),
    (638, '415', 'https://1080.hdphimonline.com/20220415/15255_02a53cee/index.m3u8', 17),
    (639, '416', 'https://1080.hdphimonline.com/20220415/15256_4e1cb1aa/index.m3u8', 17),
    (640, '417', 'https://1080.hdphimonline.com/20220415/15257_5e9a4ab7/index.m3u8', 17),
    (641, '418', 'https://1080.hdphimonline.com/20220415/15259_c76d319e/index.m3u8', 17),
    (642, '419', 'https://1080.hdphimonline.com/20220415/15260_b2016e61/index.m3u8', 17),
    (643, '420', 'https://1080.hdphimonline.com/20220415/15261_bf7f8ed2/index.m3u8', 17),
    (644, '421', 'https://1080.hdphimonline.com/20220415/15262_c67d0e38/index.m3u8', 17),
    (645, '422', 'https://1080.hdphimonline.com/20220415/15263_882aaf36/index.m3u8', 17),
    (646, '423', 'https://1080.hdphimonline.com/20220415/15264_e658af86/index.m3u8', 17),
    (647, '424', 'https://1080.hdphimonline.com/20220415/15265_30acc7ba/index.m3u8', 17),
    (648, '425', 'https://1080.hdphimonline.com/20220415/15266_14b0a034/index.m3u8', 17),
    (649, '426', 'https://1080.hdphimonline.com/20220415/15267_610a9841/index.m3u8', 17),
    (650, '427', 'https://1080.hdphimonline.com/20220415/15268_c67f324f/index.m3u8', 17),
    (651, '428', 'https://1080.hdphimonline.com/20220415/15269_9fd11d7c/index.m3u8', 17),
    (652, '429', 'https://1080.hdphimonline.com/20220415/15270_0e2173cb/index.m3u8', 17),
    (653, '430', 'https://1080.hdphimonline.com/20220415/15271_1596d7bd/index.m3u8', 17),
    (654, '431', 'https://1080.hdphimonline.com/20220415/15272_d22cb360/index.m3u8', 17),
    (655, '432', 'https://1080.hdphimonline.com/20220415/15273_588ba337/index.m3u8', 17),
    (656, '433', 'https://1080.hdphimonline.com/20220415/15274_af0a7fbb/index.m3u8', 17),
    (657, '434', 'https://1080.hdphimonline.com/20220415/15275_ac920aa2/index.m3u8', 17),
    (658, '435', 'https://1080.hdphimonline.com/20220415/15276_df89c1a2/index.m3u8', 17),
    (659, '436', 'https://1080.hdphimonline.com/20220415/15277_cddee64d/index.m3u8', 17),
    (660, '437', 'https://1080.hdphimonline.com/20220415/15278_0c214da7/index.m3u8', 17),
    (661, '438', 'https://1080.hdphimonline.com/20220415/15279_637fe4ee/index.m3u8', 17),
    (662, '439', 'https://1080.hdphimonline.com/20220415/15280_4241d085/index.m3u8', 17),
    (663, '440', 'https://1080.hdphimonline.com/20220415/15281_2774548d/index.m3u8', 17),
    (664, '441', 'https://1080.hdphimonline.com/20220415/15282_0af12f11/index.m3u8', 17),
    (665, '442', 'https://1080.hdphimonline.com/20220415/15283_d4b5bb9d/index.m3u8', 17),
    (666, '443', 'https://1080.hdphimonline.com/20220415/15284_ae216816/index.m3u8', 17),
    (667, '444', 'https://1080.hdphimonline.com/20220415/15285_afb7a5a1/index.m3u8', 17),
    (668, '445', 'https://1080.hdphimonline.com/20220415/15286_c8b99468/index.m3u8', 17),
    (669, '446', 'https://1080.hdphimonline.com/20220415/15287_fae624f6/index.m3u8', 17),
    (670, '447', 'https://1080.hdphimonline.com/20220415/15288_f0e8e03c/index.m3u8', 17),
    (671, '448', 'https://1080.hdphimonline.com/20220415/15289_2c8f1a33/index.m3u8', 17),
    (672, '449', 'https://1080.hdphimonline.com/20220415/15290_9b152ac7/index.m3u8', 17),
    (673, '450', 'https://1080.hdphimonline.com/20220415/15291_612cfedf/index.m3u8', 17),
    (674, '451', 'https://1080.hdphimonline.com/20220415/15292_d11929de/index.m3u8', 17),
    (675, '452', 'https://1080.hdphimonline.com/20220415/15293_c981a3b7/index.m3u8', 17),
    (676, '453', 'https://1080.hdphimonline.com/20220415/15294_fe5a6bb2/index.m3u8', 17),
    (677, '454', 'https://1080.hdphimonline.com/20220415/15295_7bfac734/index.m3u8', 17),
    (678, '455', 'https://1080.hdphimonline.com/20220415/15296_29250477/index.m3u8', 17),
    (679, '456', 'https://1080.hdphimonline.com/20220415/15297_4a1a1127/index.m3u8', 17),
    (680, '457', 'https://1080.hdphimonline.com/20220415/15298_744f5856/index.m3u8', 17),
    (681, '458', 'https://1080.hdphimonline.com/20220415/15299_ac29ca3b/index.m3u8', 17),
    (682, '459', 'https://1080.hdphimonline.com/20220415/15300_3204b47f/index.m3u8', 17),
    (683, '460', 'https://1080.hdphimonline.com/20220415/15301_fa38fc38/index.m3u8', 17),
    (684, '461', 'https://1080.hdphimonline.com/20220415/15302_c33ac88a/index.m3u8', 17),
    (685, '462', 'https://1080.hdphimonline.com/20220415/15303_a0dc7aed/index.m3u8', 17),
    (686, '463', 'https://1080.hdphimonline.com/20220415/15304_c435fb09/index.m3u8', 17),
    (687, '464', 'https://1080.hdphimonline.com/20220415/15305_c2245c67/index.m3u8', 17),
    (688, '465', 'https://1080.hdphimonline.com/20220415/15306_85f6b9ae/index.m3u8', 17),
    (689, '466', 'https://1080.hdphimonline.com/20220415/15307_20468111/index.m3u8', 17),
    (690, '467', 'https://1080.hdphimonline.com/20220415/15308_50d99b17/index.m3u8', 17),
    (691, '468', 'https://1080.hdphimonline.com/20220415/15309_4ad77f2e/index.m3u8', 17),
    (692, '469', 'https://1080.hdphimonline.com/20220415/15310_1d6d0d46/index.m3u8', 17),
    (693, '470', 'https://1080.hdphimonline.com/20220415/15311_e7ae1949/index.m3u8', 17),
    (694, '471', 'https://1080.hdphimonline.com/20220415/15312_3728a26b/index.m3u8', 17),
    (695, '472', 'https://1080.hdphimonline.com/20220415/15313_eb754216/index.m3u8', 17),
    (696, '473', 'https://1080.hdphimonline.com/20220415/15314_8a0084d0/index.m3u8', 17),
    (697, '474', 'https://1080.hdphimonline.com/20220415/15315_248a1a82/index.m3u8', 17),
    (698, '475', 'https://1080.hdphimonline.com/20220415/15316_72c94978/index.m3u8', 17),
    (699, '476', 'https://1080.hdphimonline.com/20220415/15317_13cfb989/index.m3u8', 17),
    (700, '477', 'https://1080.hdphimonline.com/20220415/15318_d0bbbe41/index.m3u8', 17),
    (701, '478', 'https://1080.hdphimonline.com/20220415/15318_d0bbbe41/index.m3u8', 17),
    (702, '479', 'https://1080.hdphimonline.com/20220415/15319_336d9aeb/index.m3u8', 17),
    (703, '480', 'https://1080.hdphimonline.com/20220415/15320_b0c2bd9d/index.m3u8', 17),
    (704, '481', 'https://1080.hdphimonline.com/20220415/15321_619041a6/index.m3u8', 17),
    (705, '482', 'https://1080.hdphimonline.com/20220415/15322_6b9546ed/index.m3u8', 17),
    (706, '483', 'https://1080.hdphimonline.com/20220415/15323_7647d414/index.m3u8', 17),
    (707, '484', 'https://1080.hdphimonline.com/20220415/15324_7dbd6ecd/index.m3u8', 17),
    (708, '485', 'https://1080.hdphimonline.com/20220415/15325_8880791b/index.m3u8', 17),
    (709, '486', 'https://1080.hdphimonline.com/20220415/15326_b8f64b69/index.m3u8', 17),
    (710, '487', 'https://1080.hdphimonline.com/20220415/15327_345069c4/index.m3u8', 17),
    (711, '488', 'https://1080.hdphimonline.com/20220415/15328_d36465e1/index.m3u8', 17),
    (712, '489', 'https://1080.hdphimonline.com/20220415/15329_22632df4/index.m3u8', 17),
    (713, '490', 'https://1080.hdphimonline.com/20220415/15330_95a4448f/index.m3u8', 17),
    (714, '491', 'https://1080.hdphimonline.com/20220415/15331_108cecea/index.m3u8', 17),
    (715, '492', 'https://1080.hdphimonline.com/20220415/15332_9a6dc05b/index.m3u8', 17),
    (716, '493', 'https://1080.hdphimonline.com/20220415/15333_224d7a57/index.m3u8', 17),
    (717, '494', 'https://1080.hdphimonline.com/20220415/15334_3f4b7bc7/index.m3u8', 17),
    (718, '495', 'https://1080.hdphimonline.com/20220415/15335_9de1332c/index.m3u8', 17),
    (719, '496', 'https://1080.hdphimonline.com/20220415/15336_714cf32b/index.m3u8', 17),
    (720, '497', 'https://1080.hdphimonline.com/20220415/15337_b5b5817f/index.m3u8', 17),
    (721, '498', 'https://1080.hdphimonline.com/20220415/15360_6a8df92a/index.m3u8', 17),
    (722, '499', 'https://1080.hdphimonline.com/20220415/15361_0fa7c18f/index.m3u8', 17),
    (723, '500', 'https://1080.hdphimonline.com/20220415/15362_d1f5b1a8/index.m3u8', 17),
    (724, '501', 'https://1080.hdphimonline.com/20220415/15363_ec136818/index.m3u8', 17),
    (725, '502', 'https://1080.hdphimonline.com/20220415/15364_d57a5639/index.m3u8', 17),
    (726, '503', 'https://1080.hdphimonline.com/20220415/15365_8d609261/index.m3u8', 17),
    (727, '504', 'https://1080.hdphimonline.com/20220415/15366_617152be/index.m3u8', 17),
    (728, '505', 'https://1080.hdphimonline.com/20220415/15367_820ec567/index.m3u8', 17),
    (729, '506', 'https://1080.hdphimonline.com/20220415/15368_85b34c85/index.m3u8', 17),
    (730, '507', 'https://1080.hdphimonline.com/20220415/15369_915f984b/index.m3u8', 17),
    (731, '508', 'https://1080.hdphimonline.com/20220415/15370_5979c479/index.m3u8', 17),
    (732, '509', 'https://1080.hdphimonline.com/20220415/15371_911f56c4/index.m3u8', 17),
    (733, '510', 'https://1080.hdphimonline.com/20220415/15372_fedb935a/index.m3u8', 17),
    (734, '511', 'https://1080.hdphimonline.com/20220415/15373_36be9283/index.m3u8', 17),
    (735, '512', 'https://1080.hdphimonline.com/20220415/15374_28f06ce5/index.m3u8', 17),
    (736, '513', 'https://1080.hdphimonline.com/20220415/15376_6a5d70c8/index.m3u8', 17),
    (737, '514', 'https://1080.hdphimonline.com/20220415/15377_134c551f/index.m3u8', 17),
    (738, '515', 'https://1080.hdphimonline.com/20220415/15378_f86f3faa/index.m3u8', 17),
    (739, '516', 'https://1080.hdphimonline.com/20220415/15379_02c1972f/index.m3u8', 17),
    (740, '517', 'https://1080.hdphimonline.com/20220415/15382_97722657/index.m3u8', 17),
    (741, '518', 'https://1080.hdphimonline.com/20220415/15564_12747a7c/index.m3u8', 17),
    (742, '519', 'https://1080.hdphimonline.com/20220415/15565_905f7f69/index.m3u8', 17),
    (743, '520', 'https://1080.hdphimonline.com/20220415/15566_0d3db4b3/index.m3u8', 17),
    (744, '521', 'https://1080.hdphimonline.com/20220415/15567_e4f41a2a/index.m3u8', 17),
    (745, '522', 'https://1080.hdphimonline.com/20220415/15564_12747a7c/index.m3u8', 17),
    (746, '523', 'https://1080.hdphimonline.com/20220415/15565_905f7f69/index.m3u8', 17),
    (747, '524', 'https://1080.hdphimonline.com/20220415/15566_0d3db4b3/index.m3u8', 17),
    (748, '525', 'https://1080.hdphimonline.com/20220415/15567_e4f41a2a/index.m3u8', 17),
    (749, '526', 'https://1080.hdphimonline.com/20220415/15568_1ee9dc8d/index.m3u8', 17),
    (750, '527', 'https://1080.hdphimonline.com/20220415/15569_1f70bc79/index.m3u8', 17),
    (751, '528', 'https://1080.hdphimonline.com/20220415/15570_aab11caa/index.m3u8', 17),
    (752, '529', 'https://1080.hdphimonline.com/20220415/15571_c6699c1c/index.m3u8', 17),
    (753, '530', 'https://1080.hdphimonline.com/20220415/15572_391ab64a/index.m3u8', 17),
    (754, '531', 'https://1080.hdphimonline.com/20220415/15573_72264b92/index.m3u8', 17),
    (755, '532', 'https://1080.hdphimonline.com/20220415/15574_10652da0/index.m3u8', 17),
    (756, '533', 'https://1080.hdphimonline.com/20220415/15575_38020f6b/index.m3u8', 17),
    (757, '534', 'https://1080.hdphimonline.com/20220415/15576_50e56104/index.m3u8', 17),
    (758, '535', 'https://1080.hdphimonline.com/20220415/15577_956a995e/index.m3u8', 17),
    (759, '536', 'https://1080.hdphimonline.com/20220415/15578_78af4d53/index.m3u8', 17),
    (760, '537', 'https://1080.hdphimonline.com/20220415/15579_07a681df/index.m3u8', 17),
    (761, '538', 'https://1080.hdphimonline.com/20220415/15580_2cbd91c6/index.m3u8', 17),
    (762, '539', 'https://1080.hdphimonline.com/20220415/15581_b109f149/index.m3u8', 17),
    (763, '540', 'https://1080.hdphimonline.com/20220415/15582_d70818a7/index.m3u8', 17),
    (764, '541', 'https://1080.hdphimonline.com/20220415/15583_af44df09/index.m3u8', 17),
    (765, '542', 'https://1080.hdphimonline.com/20220415/15604_1a4c1ce3/index.m3u8', 17),
    (766, '543', 'https://1080.hdphimonline.com/20220415/15605_78a641fe/index.m3u8', 17),
    (767, '544', 'https://1080.hdphimonline.com/20220415/15606_fb520b8d/index.m3u8', 17),
    (768, '545', 'https://1080.hdphimonline.com/20220415/15607_7bc1f5de/index.m3u8', 17),
    (769, '546', 'https://1080.hdphimonline.com/20220415/15608_a1bcc89a/index.m3u8', 17),
    (770, '547', 'https://1080.hdphimonline.com/20220415/15609_15fad36f/index.m3u8', 17),
    (771, '548', 'https://1080.hdphimonline.com/20220415/15610_1102e423/index.m3u8', 17),
    (772, '549', 'https://1080.hdphimonline.com/20220415/15613_03ba7b7a/index.m3u8', 17),
    (773, '550', 'https://1080.hdphimonline.com/20220415/15611_08a9d789/index.m3u8', 17),
    (774, '551', 'https://1080.hdphimonline.com/20220415/15612_b721df56/index.m3u8', 17),
    (775, '552', 'https://1080.hdphimonline.com/20220415/15584_dbee0207/index.m3u8', 17),
    (776, '553', 'https://1080.hdphimonline.com/20220415/15585_9fd730b7/index.m3u8', 17),
    (777, '554', 'https://1080.hdphimonline.com/20220415/15586_0a852ec0/index.m3u8', 17),
    (778, '555', 'https://1080.hdphimonline.com/20220415/15587_2361edcc/index.m3u8', 17),
    (779, '556', 'https://1080.hdphimonline.com/20220415/15588_82ae0e2e/index.m3u8', 17),
    (780, '557', 'https://1080.hdphimonline.com/20220415/15589_d48ab920/index.m3u8', 17),
    (781, '558', 'https://1080.hdphimonline.com/20220415/15590_0dc53d2b/index.m3u8', 17),
    (782, '559', 'https://1080.hdphimonline.com/20220415/15591_7125d9e1/index.m3u8', 17),
    (783, '560', 'https://1080.hdphimonline.com/20220415/15592_ec9c8272/index.m3u8', 17),
    (784, '561', 'https://1080.hdphimonline.com/20220415/15593_70e538a2/index.m3u8', 17),
    (785, '562', 'https://1080.hdphimonline.com/20220415/15594_28c66038/index.m3u8', 17),
    (786, '563', 'https://1080.hdphimonline.com/20220415/15595_e6408e2a/index.m3u8', 17),
    (787, '564', 'https://1080.hdphimonline.com/20220415/15596_508664e4/index.m3u8', 17),
    (788, '565', 'https://1080.hdphimonline.com/20220415/15597_aef02bda/index.m3u8', 17),
    (789, '566', 'https://1080.hdphimonline.com/20220415/15598_916f3586/index.m3u8', 17),
    (790, '567', 'https://1080.hdphimonline.com/20220415/15599_a1825491/index.m3u8', 17),
    (791, '568', 'https://1080.hdphimonline.com/20220415/15600_19af9711/index.m3u8', 17),
    (792, '569', 'https://1080.hdphimonline.com/20220415/15601_53b43190/index.m3u8', 17),
    (793, '570', 'https://1080.hdphimonline.com/20220415/15602_9e0c4f49/index.m3u8', 17),
    (794, '571', 'https://1080.hdphimonline.com/20220415/15603_dd983cd6/index.m3u8', 17),
    (795, '572', 'https://1080.hdphimonline.com/20220415/15614_53e8ddf0/index.m3u8', 17),
    (796, '573', 'https://1080.hdphimonline.com/20220415/15615_3fff7a04/index.m3u8', 17),
    (797, '574', 'https://1080.hdphimonline.com/20220415/15617_120c7e8c/index.m3u8', 17),
    (798, '575', 'https://1080.hdphimonline.com/20220415/15621_4f97499b/index.m3u8', 17),
    (799, '576', 'https://1080.hdphimonline.com/20220415/15616_79196c06/index.m3u8', 17),
    (800, '577', 'https://1080.hdphimonline.com/20220415/15618_f13f46d5/index.m3u8', 17),
    (801, '578', 'https://1080.hdphimonline.com/20220415/15619_8341bc5e/index.m3u8', 17),
    (802, '579', 'https://1080.hdphimonline.com/20220415/15622_afdb5095/index.m3u8', 17),
    (803, '580', 'https://1080.hdphimonline.com/20220415/15620_903d9f57/index.m3u8', 17),
    (804, '581', 'https://1080.hdphimonline.com/20220415/15624_816e0df7/index.m3u8', 17),
    (805, '582', 'https://1080.hdphimonline.com/20220415/15623_e7dd4319/index.m3u8', 17),
    (806, '583', 'https://1080.hdphimonline.com/20220415/15625_25508481/index.m3u8', 17),
    (807, '584', 'https://1080.hdphimonline.com/20220415/15626_85275c74/index.m3u8', 17),
    (808, '585', 'https://1080.hdphimonline.com/20220415/15627_575cfe86/index.m3u8', 17),
    (809, '586', 'https://1080.hdphimonline.com/20220415/15628_0f93cede/index.m3u8', 17),
    (810, '587', 'https://1080.hdphimonline.com/20220415/15630_d0c6a5da/index.m3u8', 17),
    (811, '588', 'https://1080.hdphimonline.com/20220415/15629_4c2c74fa/index.m3u8', 17),
    (812, '589', 'https://1080.hdphimonline.com/20220415/15631_c46ccfab/index.m3u8', 17),
    (813, '590', 'https://1080.hdphimonline.com/20220415/15632_a4bfd9cd/index.m3u8', 17),
    (814, '591', 'https://1080.hdphimonline.com/20220415/15633_f8e750f2/index.m3u8', 17),
    (815, '592', 'https://1080.hdphimonline.com/20220415/15634_526343ce/index.m3u8', 17),
    (816, '593', 'https://1080.hdphimonline.com/20220415/15635_e5dcfe18/index.m3u8', 17),
    (817, '594', 'https://1080.hdphimonline.com/20220415/15636_96ca70de/index.m3u8', 17),
    (818, '595', 'https://1080.hdphimonline.com/20220415/15637_08615423/index.m3u8', 17),
    (819, '596', 'https://1080.hdphimonline.com/20220415/15638_3f1cc62c/index.m3u8', 17),
    (820, '597', 'https://1080.hdphimonline.com/20220415/15639_7b20760e/index.m3u8', 17),
    (821, '598', 'https://1080.hdphimonline.com/20220415/15640_78096709/index.m3u8', 17),
    (822, '599', 'https://1080.hdphimonline.com/20220415/15641_66eaa043/index.m3u8', 17),
    (823, '600', 'https://1080.hdphimonline.com/20220415/15642_33f10d7a/index.m3u8', 17),
    (824, '601', 'https://1080.hdphimonline.com/20220415/15643_9d91bdf9/index.m3u8', 17),
    (825, '602', 'https://1080.hdphimonline.com/20220415/15646_93315a35/index.m3u8', 17),
    (826, '603', 'https://1080.hdphimonline.com/20220415/15644_34208bc9/index.m3u8', 17),
    (827, '604', 'https://1080.hdphimonline.com/20220415/15645_1699226b/index.m3u8', 17),
    (828, '605', 'https://1080.hdphimonline.com/20220415/15647_23795a94/index.m3u8', 17),
    (829, '606', 'https://1080.hdphimonline.com/20220415/15648_3ffcd66f/index.m3u8', 17),
    (830, '607', 'https://1080.hdphimonline.com/20220415/15649_7c72694a/index.m3u8', 17),
    (831, '608', 'https://1080.hdphimonline.com/20220415/15650_07325c79/index.m3u8', 17),
    (832, '609', 'https://1080.hdphimonline.com/20220415/15651_16d7064c/index.m3u8', 17),
    (833, '610', 'https://1080.hdphimonline.com/20220415/15652_7ea6010b/index.m3u8', 17),
    (834, '611', 'https://1080.hdphimonline.com/20220415/15653_a9e63fdc/index.m3u8', 17),
    (835, '612', 'https://1080.hdphimonline.com/20220415/15654_0fc4549a/index.m3u8', 17),
    (836, '613', 'https://1080.hdphimonline.com/20220415/15655_b5520970/index.m3u8', 17),
    (837, '614', 'https://1080.hdphimonline.com/20220415/15656_126a6ce5/index.m3u8', 17),
    (838, '615', 'https://1080.hdphimonline.com/20220415/15657_2dc99fd7/index.m3u8', 17),
    (839, '616', 'https://1080.hdphimonline.com/20220415/15658_e7178042/index.m3u8', 17),
    (840, '617', 'https://1080.hdphimonline.com/20220415/15659_a24b00af/index.m3u8', 17),
    (841, '618', 'https://1080.hdphimonline.com/20220415/15660_cf4ecea5/index.m3u8', 17),
    (842, '619', 'https://1080.hdphimonline.com/20220415/15661_c1b363b6/index.m3u8', 17),
    (843, '620', 'https://1080.hdphimonline.com/20220415/15662_6ac74ce7/index.m3u8', 17),
    (844, '621', 'https://1080.hdphimonline.com/20220415/15663_cddcf252/index.m3u8', 17),
    (845, '622', 'https://1080.hdphimonline.com/20220415/15664_cc3558ab/index.m3u8', 17),
    (846, '623', 'https://1080.hdphimonline.com/20220415/15665_81bb8864/index.m3u8', 17),
    (847, '624', 'https://1080.hdphimonline.com/20220415/15666_15303dd1/index.m3u8', 17),
    (848, '625', 'https://1080.hdphimonline.com/20220415/15667_76d88de3/index.m3u8', 17),
    (849, '626', 'https://1080.hdphimonline.com/20220415/15668_0996ffb7/index.m3u8', 17),
    (850, '627', 'https://1080.hdphimonline.com/20220415/15669_254da899/index.m3u8', 17),
    (851, '628', 'https://1080.hdphimonline.com/20220415/15670_3cffca36/index.m3u8', 17),
    (852, '629', 'https://1080.hdphimonline.com/20220415/15671_04a1ab28/index.m3u8', 17),
    (853, '630', 'https://1080.hdphimonline.com/20220415/15672_27eea870/index.m3u8', 17),
    (854, '631', 'https://1080.hdphimonline.com/20220416/16129_a2645b3c/index.m3u8', 17),
    (855, '632', 'https://1080.hdphimonline.com/20220416/16130_6cf169ea/index.m3u8', 17),
    (856, '633', 'https://1080.hdphimonline.com/20220416/16131_1ba541d0/index.m3u8', 17),
    (857, '634', 'https://1080.hdphimonline.com/20220416/16132_457dc6a6/index.m3u8', 17),
    (858, '635', 'https://1080.hdphimonline.com/20220416/16133_ba6e95c7/index.m3u8', 17),
    (859, '636', 'https://1080.hdphimonline.com/20220416/16134_f996e508/index.m3u8', 17),
    (860, '637', 'https://1080.hdphimonline.com/20220416/16135_0c31dd04/index.m3u8', 17),
    (861, '638', 'https://1080.hdphimonline.com/20220416/16136_f79f39fa/index.m3u8', 17),
    (862, '639', 'https://1080.hdphimonline.com/20220416/16137_165dbc86/index.m3u8', 17),
    (863, '640', 'https://1080.hdphimonline.com/20220416/16138_cfba352f/index.m3u8', 17),
    (864, '641', 'https://1080.hdphimonline.com/20220416/16169_2f7ded47/index.m3u8', 17),
    (865, '642', 'https://1080.hdphimonline.com/20220416/16139_39913bef/index.m3u8', 17),
    (866, '643', 'https://1080.hdphimonline.com/20220416/16140_469b2b2d/index.m3u8', 17),
    (867, '644', 'https://1080.hdphimonline.com/20220416/16141_e3fba3a8/index.m3u8', 17),
    (868, '645', 'https://1080.hdphimonline.com/20220416/16142_24587764/index.m3u8', 17),
    (869, '646', 'https://1080.hdphimonline.com/20220416/16143_d3aa650e/index.m3u8', 17),
    (870, '647', 'https://1080.hdphimonline.com/20220416/16144_1a8fb51c/index.m3u8', 17),
    (871, '648', 'https://1080.hdphimonline.com/20220416/16145_96c26371/index.m3u8', 17),
    (872, '649', 'https://1080.hdphimonline.com/20220416/16146_037e7fef/index.m3u8', 17),
    (873, '650', 'https://1080.hdphimonline.com/20220416/16147_3681fc83/index.m3u8', 17),
    (874, '651', 'https://1080.hdphimonline.com/20220416/16148_d442c6de/index.m3u8', 17),
    (875, '652', 'https://1080.hdphimonline.com/20220416/16149_eddcfa8c/index.m3u8', 17),
    (876, '653', 'https://1080.hdphimonline.com/20220416/16150_9697351b/index.m3u8', 17),
    (877, '654', 'https://1080.hdphimonline.com/20220416/16151_9e24a648/index.m3u8', 17),
    (878, '655', 'https://1080.hdphimonline.com/20220416/16152_3335acd1/index.m3u8', 17),
    (879, '656', 'https://1080.hdphimonline.com/20220416/16153_2a79f404/index.m3u8', 17),
    (880, '641', 'https://1080.hdphimonline.com/20220416/16169_2f7ded47/index.m3u8', 17),
    (881, '657', 'https://1080.hdphimonline.com/20220416/16154_b1bee6b6/index.m3u8', 17),
    (882, '658', 'https://1080.hdphimonline.com/20220416/16155_322e5df4/index.m3u8', 17),
    (883, '659', 'https://1080.hdphimonline.com/20220416/16156_91d23b21/index.m3u8', 17),
    (884, '660', 'https://1080.hdphimonline.com/20220416/16157_47a79b7a/index.m3u8', 17),
    (885, '661', 'https://1080.hdphimonline.com/20220416/16158_88b47d20/index.m3u8', 17),
    (886, '662', 'https://1080.hdphimonline.com/20220416/16159_ad0c864e/index.m3u8', 17),
    (887, '663', 'https://1080.hdphimonline.com/20220416/16160_b8375469/index.m3u8', 17),
    (888, '664', 'https://1080.hdphimonline.com/20220416/16161_f02d221a/index.m3u8', 17),
    (889, '665', 'https://1080.hdphimonline.com/20220416/16162_cc57d850/index.m3u8', 17),
    (890, '666', 'https://1080.hdphimonline.com/20220416/16163_711ac1eb/index.m3u8', 17),
    (891, '667', 'https://1080.hdphimonline.com/20220416/16164_8d11b9fb/index.m3u8', 17),
    (892, '668', 'https://1080.hdphimonline.com/20220416/16165_f08d5232/index.m3u8', 17),
    (893, '669', 'https://1080.hdphimonline.com/20220416/16166_3e6648d8/index.m3u8', 17),
    (894, '670', 'https://1080.hdphimonline.com/20220416/16167_970db099/index.m3u8', 17),
    (895, '671', 'https://1080.hdphimonline.com/20220416/16168_9164bab6/index.m3u8', 17),
    (896, '672', 'https://1080.hdphimonline.com/20220416/16170_6ac766cc/index.m3u8', 17),
    (897, '673', 'https://1080.hdphimonline.com/20220416/16171_b365ee1b/index.m3u8', 17),
    (898, '674', 'https://1080.hdphimonline.com/20220416/16172_1348095c/index.m3u8', 17),
    (899, '675', 'https://1080.hdphimonline.com/20220416/16173_1c216d99/index.m3u8', 17),
    (900, '676', 'https://1080.hdphimonline.com/20220416/16174_14417fa3/index.m3u8', 17),
    (901, '677', 'https://1080.hdphimonline.com/20220416/16175_3cd2a3d8/index.m3u8', 17),
    (902, '678', 'https://1080.hdphimonline.com/20220416/16176_58750de4/index.m3u8', 17),
    (903, '679', 'https://1080.hdphimonline.com/20220416/16177_2ac092c6/index.m3u8', 17),
    (904, '680', 'https://1080.hdphimonline.com/20220416/16178_dd9f7d56/index.m3u8', 17),
    (905, '681', 'https://1080.hdphimonline.com/20220416/16179_571b2adf/index.m3u8', 17),
    (906, '682', 'https://1080.hdphimonline.com/20220416/16180_c41ea282/index.m3u8', 17),
    (907, '683', 'https://1080.hdphimonline.com/20220416/16181_6de05353/index.m3u8', 17),
    (908, '684', 'https://1080.hdphimonline.com/20220416/16182_fd5d3929/index.m3u8', 17),
    (909, '685', 'https://1080.hdphimonline.com/20220416/16183_e0550a07/index.m3u8', 17),
    (910, '686', 'https://1080.hdphimonline.com/20220416/16184_c8f9f61f/index.m3u8', 17),
    (911, '687', 'https://1080.hdphimonline.com/20220416/16185_1fdeda59/index.m3u8', 17),
    (912, '688', 'https://1080.hdphimonline.com/20220416/16186_da236e3d/index.m3u8', 17),
    (913, '689', 'https://1080.hdphimonline.com/20220416/16187_bc2c7976/index.m3u8', 17),
    (914, '690', 'https://1080.hdphimonline.com/20220416/16188_6af42ec7/index.m3u8', 17),
    (915, '691', 'https://1080.hdphimonline.com/20220416/16189_bdda86da/index.m3u8', 17),
    (916, '692', 'https://1080.hdphimonline.com/20220416/16190_c364bf84/index.m3u8', 17),
    (917, '693', 'https://1080.hdphimonline.com/20220416/16191_897c6526/index.m3u8', 17),
    (918, '694', 'https://1080.hdphimonline.com/20220416/16192_d5f34ecf/index.m3u8', 17),
    (919, '695', 'https://1080.hdphimonline.com/20220416/16193_60a86698/index.m3u8', 17),
    (920, '696', 'https://1080.hdphimonline.com/20220416/16194_df16025e/index.m3u8', 17),
    (921, '697', 'https://1080.hdphimonline.com/20220416/16195_158f6f08/index.m3u8', 17),
    (922, '698', 'https://1080.hdphimonline.com/20220416/16196_e4330fc7/index.m3u8', 17),
    (923, '699', 'https://1080.hdphimonline.com/20220416/16197_5f03605a/index.m3u8', 17),
    (924, '700', 'https://1080.hdphimonline.com/20220416/16209_f24b3ef1/index.m3u8', 17),
    (925, '701', 'https://1080.hdphimonline.com/20220416/16198_e7d2a94c/index.m3u8', 17),
    (926, '702', 'https://1080.hdphimonline.com/20220416/16199_c71282fe/index.m3u8', 17),
    (927, '703', 'https://1080.hdphimonline.com/20220416/16200_1b273cc4/index.m3u8', 17),
    (928, '704', 'https://1080.hdphimonline.com/20220416/16201_c85d3f5e/index.m3u8', 17),
    (929, '705', 'https://1080.hdphimonline.com/20220416/16202_17f8aa34/index.m3u8', 17),
    (930, '706', 'https://1080.hdphimonline.com/20220416/16203_1ef9c5bc/index.m3u8', 17),
    (931, '707', 'https://1080.hdphimonline.com/20220416/16204_6ceb8421/index.m3u8', 17),
    (932, '708', 'https://1080.hdphimonline.com/20220416/16205_8f866ce4/index.m3u8', 17),
    (933, '709', 'https://1080.hdphimonline.com/20220416/16206_b2aa7dc8/index.m3u8', 17),
    (934, '710', 'https://1080.hdphimonline.com/20220416/16207_f1959df9/index.m3u8', 17),
    (935, '711', 'https://1080.hdphimonline.com/20220416/16208_9587a27b/index.m3u8', 17),
    (936, '712', 'https://1080.hdphimonline.com/20220416/16210_5f9e5c2a/index.m3u8', 17),
    (937, '713', 'https://1080.hdphimonline.com/20220416/16211_120531ff/index.m3u8', 17),
    (938, '714', 'https://1080.hdphimonline.com/20220416/16212_5e1f1771/index.m3u8', 17),
    (939, '715', 'https://1080.hdphimonline.com/20220416/16213_ef5c66f3/index.m3u8', 17),
    (940, '716', 'https://1080.hdphimonline.com/20220416/16214_5f5c6b99/index.m3u8', 17),
    (941, '717', 'https://1080.hdphimonline.com/20220416/16215_ee0bdee5/index.m3u8', 17),
    (942, '718', 'https://1080.hdphimonline.com/20220416/16216_35abafe0/index.m3u8', 17),
    (943, '719', 'https://1080.hdphimonline.com/20220416/16217_ff37a6b5/index.m3u8', 17),
    (944, '720', 'https://1080.hdphimonline.com/20220416/16218_d5269af5/index.m3u8', 17),
    (945, '721', 'https://1080.hdphimonline.com/20220416/16219_c729ab96/index.m3u8', 17),
    (946, '722', 'https://1080.hdphimonline.com/20220416/16220_61a5c4a6/index.m3u8', 17),
    (947, '723', 'https://1080.hdphimonline.com/20220416/16221_9a830245/index.m3u8', 17),
    (948, '724', 'https://1080.hdphimonline.com/20220416/16222_595304d0/index.m3u8', 17),
    (949, '725', 'https://1080.hdphimonline.com/20220416/16223_ed8aa173/index.m3u8', 17),
    (950, '726', 'https://1080.hdphimonline.com/20220416/16224_3073b8a7/index.m3u8', 17),
    (951, '727', 'https://1080.hdphimonline.com/20220416/16225_eacdd18c/index.m3u8', 17),
    (952, '728', 'https://1080.hdphimonline.com/20220416/16226_c4e4d2e6/index.m3u8', 17),
    (953, '729', 'https://1080.hdphimonline.com/20220416/16227_fa2d652e/index.m3u8', 17),
    (954, '730', 'https://1080.hdphimonline.com/20220416/16228_b51bbf84/index.m3u8', 17),
    (955, '731', 'https://1080.hdphimonline.com/20220416/16229_911a3ceb/index.m3u8', 17),
    (956, '732', 'https://1080.hdphimonline.com/20220416/16230_154e75d8/index.m3u8', 17),
    (957, '733', 'https://1080.hdphimonline.com/20220416/16231_d35b1526/index.m3u8', 17),
    (958, '734', 'https://1080.hdphimonline.com/20220416/16232_27b2125c/index.m3u8', 17),
    (959, '735', 'https://1080.hdphimonline.com/20220416/16233_db1c2152/index.m3u8', 17),
    (960, '736', 'https://1080.hdphimonline.com/20220416/16234_ebbdfe14/index.m3u8', 17),
    (961, '737', 'https://1080.hdphimonline.com/20220416/16235_b2d84dcc/index.m3u8', 17),
    (962, '738', 'https://1080.hdphimonline.com/20220416/16236_2e0f684a/index.m3u8', 17),
    (963, '739', 'https://1080.hdphimonline.com/20220416/16237_e9b363bd/index.m3u8', 17),
    (964, '740', 'https://1080.hdphimonline.com/20220416/16239_772f2169/index.m3u8', 17),
    (965, '741', 'https://1080.hdphimonline.com/20220416/16238_55232c94/index.m3u8', 17),
    (966, '742', 'https://1080.hdphimonline.com/20220416/16240_2ba5056d/index.m3u8', 17),
    (967, '743', 'https://1080.hdphimonline.com/20220416/16241_97cc09db/index.m3u8', 17),
    (968, '744', 'https://1080.hdphimonline.com/20220416/16242_8ec0dc01/index.m3u8', 17),
    (969, '745', 'https://1080.hdphimonline.com/20220416/16243_027fbc70/index.m3u8', 17),
    (970, '746', 'https://1080.hdphimonline.com/20220416/16244_a06fa523/index.m3u8', 17),
    (971, '747', 'https://1080.hdphimonline.com/20220416/16245_17abdbdf/index.m3u8', 17),
    (972, '748', 'https://1080.hdphimonline.com/20220416/16246_296abaeb/index.m3u8', 17),
    (973, '749', 'https://1080.hdphimonline.com/20220416/16247_514e77ef/index.m3u8', 17),
    (974, '750', 'https://1080.hdphimonline.com/20220416/16248_59174981/index.m3u8', 17),
    (975, '751', 'https://1080.hdphimonline.com/20220416/16249_6c8eb2c1/index.m3u8', 17),
    (976, '752', 'https://1080.hdphimonline.com/20220416/16250_4cae179f/index.m3u8', 17),
    (977, '753', 'https://1080.hdphimonline.com/20220416/16251_26175295/index.m3u8', 17),
    (978, '754', 'https://1080.hdphimonline.com/20220416/16252_8ac44106/index.m3u8', 17),
    (979, '755', 'https://1080.hdphimonline.com/20220416/16253_7152f310/index.m3u8', 17),
    (980, '756', 'https://1080.hdphimonline.com/20220420/17782_661a67b9/index.m3u8', 17),
    (981, '757', 'https://1080.hdphimonline.com/20220420/17783_52e3ce9a/index.m3u8', 17),
    (982, '758', 'https://1080.hdphimonline.com/20220420/17784_e24c95f4/index.m3u8', 17),
    (983, '759', 'https://1080.hdphimonline.com/20220420/17785_31169967/index.m3u8', 17),
    (984, '760', 'https://1080.hdphimonline.com/20220420/17786_cff3ee9e/index.m3u8', 17),
    (985, '761', 'https://1080.hdphimonline.com/20220420/17787_a442f6c0/index.m3u8', 17),
    (986, '762', 'https://1080.hdphimonline.com/20220420/17788_76e1186c/index.m3u8', 17),
    (987, '763', 'https://1080.hdphimonline.com/20220420/17789_db6f4e7c/index.m3u8', 17),
    (988, '764', 'https://1080.hdphimonline.com/20220420/17790_a1daecc6/index.m3u8', 17),
    (989, '765', 'https://1080.hdphimonline.com/20220420/17791_dcde532b/index.m3u8', 17),
    (990, '766', 'https://1080.hdphimonline.com/20220420/17792_0d5626b9/index.m3u8', 17),
    (991, '767', 'https://1080.hdphimonline.com/20220420/17793_e36f5be4/index.m3u8', 17),
    (992, '768', 'https://1080.hdphimonline.com/20220420/17794_4ca600a1/index.m3u8', 17),
    (993, '769', 'https://1080.hdphimonline.com/20220420/17795_8c25f704/index.m3u8', 17),
    (994, '770', 'https://1080.hdphimonline.com/20220420/17796_1c3170c6/index.m3u8', 17),
    (995, '771', 'https://1080.hdphimonline.com/20220420/17797_784635d5/index.m3u8', 17),
    (996, '772', 'https://1080.hdphimonline.com/20220420/17798_6e9d816b/index.m3u8', 17),
    (997, '773', 'https://1080.hdphimonline.com/20220420/17799_b60154f6/index.m3u8', 17),
    (998, '774', 'https://1080.hdphimonline.com/20220420/17800_c85989f0/index.m3u8', 17),
    (999, '775', 'https://1080.hdphimonline.com/20220420/17801_be1bdc26/index.m3u8', 17),
    (1000, '776', 'https://1080.hdphimonline.com/20220420/17802_fcc237c6/index.m3u8', 17),
    (1001, '777', 'https://1080.hdphimonline.com/20220420/17803_fe51f4ed/index.m3u8', 17),
    (1002, '778', 'https://1080.hdphimonline.com/20220420/17804_257cb017/index.m3u8', 17),
    (1003, '779', 'https://1080.hdphimonline.com/20220420/17805_bf8f3ed9/index.m3u8', 17),
    (1004, '780', 'https://1080.hdphimonline.com/20220420/17806_9a1554ee/index.m3u8', 17),
    (1005, '781', 'https://1080.hdphimonline.com/20220420/17807_f03af464/index.m3u8', 17),
    (1006, '782', 'https://1080.hdphimonline.com/20220420/17808_3e237b19/index.m3u8', 17),
    (1007, '783', 'https://1080.hdphimonline.com/20220420/17809_a0610fba/index.m3u8', 17),
    (1008, '784', 'https://1080.hdphimonline.com/20220420/17810_ef550fe9/index.m3u8', 17),
    (1009, '785', 'https://1080.hdphimonline.com/20220420/17811_0751286b/index.m3u8', 17),
    (1010, '786', 'https://1080.hdphimonline.com/20220420/17812_6090b099/index.m3u8', 17),
    (1011, '787', 'https://1080.hdphimonline.com/20220420/17813_c1bbea9b/index.m3u8', 17),
    (1012, '788', 'https://1080.hdphimonline.com/20220420/17814_97997473/index.m3u8', 17),
    (1013, '789', 'https://1080.hdphimonline.com/20220420/17815_5930edbb/index.m3u8', 17),
    (1014, '790', 'https://1080.hdphimonline.com/20220420/17816_68885e69/index.m3u8', 17),
    (1015, '791', 'https://1080.hdphimonline.com/20220420/17817_7ecf1b09/index.m3u8', 17),
    (1016, '792', 'https://1080.hdphimonline.com/20220420/17818_af6f1a92/index.m3u8', 17),
    (1017, '793', 'https://1080.hdphimonline.com/20220420/17819_0a8fa14f/index.m3u8', 17),
    (1018, '794', 'https://1080.hdphimonline.com/20220420/17820_bef6463b/index.m3u8', 17),
    (1019, '795', 'https://1080.hdphimonline.com/20220420/17821_9d4759a1/index.m3u8', 17),
    (1020, '796', 'https://1080.hdphimonline.com/20220420/17822_a7a55d02/index.m3u8', 17),
    (1021, '797', 'https://1080.hdphimonline.com/20220420/17823_8db465b2/index.m3u8', 17),
    (1022, '798', 'https://1080.hdphimonline.com/20220420/17824_015bd5f6/index.m3u8', 17),
    (1023, '799', 'https://1080.hdphimonline.com/20220420/17825_e1d569a8/index.m3u8', 17),
    (1024, '800', 'https://1080.hdphimonline.com/20220420/17826_86ea5b72/index.m3u8', 17),
    (1025, '801', 'https://1080.hdphimonline.com/20220420/17827_63e36cc9/index.m3u8', 17),
    (1026, '802', 'https://1080.hdphimonline.com/20220420/17828_2516f094/index.m3u8', 17),
    (1027, '803', 'https://1080.hdphimonline.com/20220420/17829_2f545eea/index.m3u8', 17),
    (1028, '804', 'https://1080.hdphimonline.com/20220420/17830_b23a7b3f/index.m3u8', 17),
    (1029, '805', 'https://1080.hdphimonline.com/20220420/17831_2c099b13/index.m3u8', 17),
    (1030, '806', 'https://1080.hdphimonline.com/20220420/17832_48900c23/index.m3u8', 17),
    (1031, '807', 'https://1080.hdphimonline.com/20220420/17833_3c1fb51c/index.m3u8', 17),
    (1032, '808', 'https://1080.hdphimonline.com/20220420/17834_547a1795/index.m3u8', 17),
    (1033, '809', 'https://1080.hdphimonline.com/20220420/17835_bb51ab41/index.m3u8', 17),
    (1034, '810', 'https://1080.hdphimonline.com/20220420/17836_f9b3186b/index.m3u8', 17),
    (1035, '811', 'https://1080.hdphimonline.com/20220420/17837_a87629db/index.m3u8', 17),
    (1036, '812', 'https://1080.hdphimonline.com/20220420/17838_c162ebd6/index.m3u8', 17),
    (1037, '813', 'https://1080.hdphimonline.com/20220420/17839_16efd841/index.m3u8', 17),
    (1038, '814', 'https://1080.hdphimonline.com/20220420/17840_897397a3/index.m3u8', 17),
    (1039, '815', 'https://1080.hdphimonline.com/20220420/17841_815ab626/index.m3u8', 17),
    (1040, '816', 'https://1080.hdphimonline.com/20220420/17842_862819be/index.m3u8', 17),
    (1041, '817', 'https://1080.hdphimonline.com/20220420/17843_d84c0e8f/index.m3u8', 17),
    (1042, '818', 'https://1080.hdphimonline.com/20220420/17844_166e947a/index.m3u8', 17),
    (1043, '819', 'https://1080.hdphimonline.com/20220420/17845_8a643308/index.m3u8', 17),
    (1044, '820', 'https://1080.hdphimonline.com/20220420/17846_b78ac623/index.m3u8', 17),
    (1045, '821', 'https://1080.hdphimonline.com/20220420/17847_1769a269/index.m3u8', 17),
    (1046, '822', 'https://1080.hdphimonline.com/20220420/17848_20f6fb08/index.m3u8', 17),
    (1047, '823', 'https://1080.hdphimonline.com/20220420/17849_5a72a21f/index.m3u8', 17),
    (1048, '824', 'https://1080.hdphimonline.com/20220420/17850_fc9abe54/index.m3u8', 17),
    (1049, '825', 'https://1080.hdphimonline.com/20220420/17851_d2457153/index.m3u8', 17),
    (1050, '826', 'https://1080.hdphimonline.com/20220420/17852_58339e34/index.m3u8', 17),
    (1051, '827', 'https://1080.hdphimonline.com/20220420/17853_d23424f5/index.m3u8', 17),
    (1052, '828', 'https://1080.hdphimonline.com/20220420/17854_46a2dcb6/index.m3u8', 17),
    (1053, '829', 'https://1080.hdphimonline.com/20220420/17855_5c4bd374/index.m3u8', 17),
    (1054, '830', 'https://1080.hdphimonline.com/20220420/17856_26232bee/index.m3u8', 17),
    (1055, '831', 'https://1080.hdphimonline.com/20220420/17857_5ad43101/index.m3u8', 17),
    (1056, '832', 'https://1080.hdphimonline.com/20220420/17858_139a0936/index.m3u8', 17),
    (1057, '833', 'https://1080.hdphimonline.com/20220420/17859_f821cb58/index.m3u8', 17),
    (1058, '834', 'https://1080.hdphimonline.com/20220420/17860_e5cf2bca/index.m3u8', 17),
    (1059, '835', 'https://1080.hdphimonline.com/20220420/17861_c2476849/index.m3u8', 17),
    (1060, '836', 'https://1080.hdphimonline.com/20220420/17862_a705488b/index.m3u8', 17),
    (1061, '837', 'https://1080.hdphimonline.com/20220420/17863_65f0a6aa/index.m3u8', 17),
    (1062, '838', 'https://1080.hdphimonline.com/20220420/17864_bf0d2dbe/index.m3u8', 17),
    (1063, '839', 'https://1080.hdphimonline.com/20220420/17865_377446fd/index.m3u8', 17),
    (1064, '840', 'https://1080.hdphimonline.com/20220420/17866_5e3030d1/index.m3u8', 17),
    (1065, '841', 'https://1080.hdphimonline.com/20220420/17867_51fe3e3b/index.m3u8', 17),
    (1066, '842', 'https://1080.hdphimonline.com/20220420/17868_6801db59/index.m3u8', 17),
    (1067, '843', 'https://1080.hdphimonline.com/20220420/17869_30bec35b/index.m3u8', 17),
    (1068, '844', 'https://1080.hdphimonline.com/20220420/17870_89e7d6a6/index.m3u8', 17),
    (1069, '845', 'https://1080.hdphimonline.com/20220420/17871_8a6910ea/index.m3u8', 17),
    (1070, '846', 'https://1080.hdphimonline.com/20220420/17872_8562656a/index.m3u8', 17),
    (1071, '847', 'https://1080.hdphimonline.com/20220420/17873_5df6e640/index.m3u8', 17),
    (1072, '848', 'https://1080.hdphimonline.com/20220420/17874_4da733a4/index.m3u8', 17),
    (1073, '849', 'https://1080.hdphimonline.com/20220420/17875_ea1eb09d/index.m3u8', 17),
    (1074, '850', 'https://1080.hdphimonline.com/20220420/17876_7fca28ac/index.m3u8', 17),
    (1075, '851', 'https://1080.hdphimonline.com/20220420/17877_f9e0c618/index.m3u8', 17),
    (1076, '852', 'https://1080.hdphimonline.com/20220420/17878_4944b77f/index.m3u8', 17),
    (1077, '853', 'https://1080.hdphimonline.com/20220420/17879_0323903c/index.m3u8', 17),
    (1078, '854', 'https://1080.hdphimonline.com/20220420/17880_52175f38/index.m3u8', 17),
    (1079, '855', 'https://1080.hdphimonline.com/20220420/17881_94fed72b/index.m3u8', 17),
    (1080, '856', 'https://1080.hdphimonline.com/20220420/17882_46f4d965/index.m3u8', 17),
    (1081, '857', 'https://1080.hdphimonline.com/20220420/17883_be10c7aa/index.m3u8', 17),
    (1082, '858', 'https://1080.hdphimonline.com/20220420/17884_5ec61cf1/index.m3u8', 17),
    (1083, '859', 'https://1080.hdphimonline.com/20220420/17885_5ef2f0c3/index.m3u8', 17),
    (1084, '860', 'https://1080.hdphimonline.com/20220420/17886_a77c46d0/index.m3u8', 17),
    (1085, '861', 'https://1080.hdphimonline.com/20220420/17887_b787fb0c/index.m3u8', 17),
    (1086, '862', 'https://1080.hdphimonline.com/20220420/17888_c2bc7b30/index.m3u8', 17),
    (1087, '863', 'https://1080.hdphimonline.com/20220420/17889_0e7cc851/index.m3u8', 17),
    (1088, '864', 'https://1080.hdphimonline.com/20220420/17890_ae276a46/index.m3u8', 17),
    (1089, '865', 'https://1080.hdphimonline.com/20220420/17891_81b1e222/index.m3u8', 17),
    (1090, '866', 'https://1080.hdphimonline.com/20220420/17892_303f2a79/index.m3u8', 17),
    (1091, '867', 'https://1080.hdphimonline.com/20220420/17893_3486f7c7/index.m3u8', 17),
    (1092, '868', 'https://1080.hdphimonline.com/20220420/17894_59b6603c/index.m3u8', 17),
    (1093, '869', 'https://1080.hdphimonline.com/20220420/17895_ce524e2e/index.m3u8', 17),
    (1094, '870', 'https://1080.hdphimonline.com/20220420/17896_7dd36c62/index.m3u8', 17),
    (1095, '871', 'https://1080.hdphimonline.com/20220420/17897_aab2b8d8/index.m3u8', 17),
    (1096, '872', 'https://1080.hdphimonline.com/20220420/17898_72c400d9/index.m3u8', 17),
    (1097, '873', 'https://1080.hdphimonline.com/20220420/17899_4b278aa1/index.m3u8', 17),
    (1098, '874', 'https://1080.hdphimonline.com/20220420/17900_5b2badd1/index.m3u8', 17),
    (1099, '875', 'https://1080.hdphimonline.com/20220420/17901_a1e93254/index.m3u8', 17),
    (1100, '876', 'https://1080.hdphimonline.com/20220427/20952_99bbfc65/index.m3u8', 17),
    (1101, '877', 'https://1080.hdphimonline.com/20220427/20953_98d99d8c/index.m3u8', 17),
    (1102, '878', 'https://1080.hdphimonline.com/20220427/20954_7a8f380c/index.m3u8', 17),
    (1103, '879', 'https://1080.hdphimonline.com/20220427/20955_fa9f710d/index.m3u8', 17),
    (1104, '880', 'https://1080.hdphimonline.com/20220427/20956_30aa9f97/index.m3u8', 17),
    (1105, '881', 'https://1080.hdphimonline.com/20220427/20957_90d15e3b/index.m3u8', 17),
    (1106, '882', 'https://1080.hdphimonline.com/20220427/20958_c59245d0/index.m3u8', 17),
    (1107, '883', 'https://1080.hdphimonline.com/20220427/20959_3679bf12/index.m3u8', 17),
    (1108, '884', 'https://1080.hdphimonline.com/20220427/20960_5c6955f7/index.m3u8', 17),
    (1109, '885', 'https://1080.hdphimonline.com/20220427/20961_e9152b77/index.m3u8', 17),
    (1110, '886', 'https://1080.hdphimonline.com/20220427/20962_d7318541/index.m3u8', 17),
    (1111, '887', 'https://1080.hdphimonline.com/20220427/20963_717b5b8a/index.m3u8', 17),
    (1112, '888', 'https://1080.hdphimonline.com/20220427/20964_f7aa6f14/index.m3u8', 17),
    (1113, '889', 'https://1080.hdphimonline.com/20220427/20965_54ec0dab/index.m3u8', 17),
    (1114, '890', 'https://1080.hdphimonline.com/20220427/20966_9140f3d0/index.m3u8', 17),
    (1115, '891', 'https://1080.hdphimonline.com/20220427/20969_d6748217/index.m3u8', 17),
    (1116, '892', 'https://1080.hdphimonline.com/20220427/20970_2594d59e/index.m3u8', 17),
    (1117, '893', 'https://1080.hdphimonline.com/20220427/20971_9690cd3e/index.m3u8', 17),
    (1118, '894', 'https://1080.hdphimonline.com/20220427/20972_091630e6/index.m3u8', 17),
    (1119, '895', 'https://1080.hdphimonline.com/20220427/20973_b52adca0/index.m3u8', 17),
    (1120, '896', 'https://1080.hdphimonline.com/20220427/20974_2f08225f/index.m3u8', 17),
    (1121, '897', 'https://1080.hdphimonline.com/20220427/20975_f0e6be55/index.m3u8', 17),
    (1122, '898', 'https://1080.hdphimonline.com/20220427/20976_fdb884ab/index.m3u8', 17),
    (1123, '899', 'https://1080.hdphimonline.com/20220427/20977_6368e19e/index.m3u8', 17),
    (1124, '900', 'https://1080.hdphimonline.com/20220427/20978_206de8d4/index.m3u8', 17),
    (1125, '901', 'https://1080.hdphimonline.com/20220427/20979_22fb77d0/index.m3u8', 17),
    (1126, '902', 'https://1080.hdphimonline.com/20220427/20980_1f382681/index.m3u8', 17),
    (1127, '903', 'https://1080.hdphimonline.com/20220427/20981_e066c4ca/index.m3u8', 17),
    (1128, '904', 'https://1080.hdphimonline.com/20220427/20982_34cb4aa2/index.m3u8', 17),
    (1129, '905', 'https://1080.hdphimonline.com/20220427/20983_2b30b2ba/index.m3u8', 17),
    (1130, '906', 'https://1080.hdphimonline.com/20220427/20984_33133872/index.m3u8', 17),
    (1131, '907', 'https://1080.hdphimonline.com/20220427/20985_acf06ebf/index.m3u8', 17),
    (1132, '908', 'https://1080.hdphimonline.com/20220427/20986_3f08208f/index.m3u8', 17),
    (1133, '909', 'https://1080.hdphimonline.com/20220427/20987_3b8d51f7/index.m3u8', 17),
    (1134, '910', 'https://1080.hdphimonline.com/20220427/20988_aeb64448/index.m3u8', 17),
    (1135, '911', 'https://1080.hdphimonline.com/20220427/20989_0d4ca1c0/index.m3u8', 17),
    (1136, '912', 'https://1080.hdphimonline.com/20220427/20990_139080c6/index.m3u8', 17),
    (1137, '913', 'https://1080.hdphimonline.com/20220427/20991_6eb18b64/index.m3u8', 17),
    (1138, '914', 'https://1080.hdphimonline.com/20220427/20992_ac59b1b0/index.m3u8', 17),
    (1139, '915', 'https://1080.hdphimonline.com/20220427/20993_f78f45bd/index.m3u8', 17),
    (1140, '916', 'https://1080.hdphimonline.com/20220427/20994_e726fada/index.m3u8', 17),
    (1141, '917', 'https://1080.hdphimonline.com/20220427/20995_42e7e3dd/index.m3u8', 17),
    (1142, '918', 'https://1080.hdphimonline.com/20220427/20996_d138b23c/index.m3u8', 17),
    (1143, '919', 'https://1080.hdphimonline.com/20220427/20997_06266d5c/index.m3u8', 17),
    (1144, '920', 'https://1080.hdphimonline.com/20220427/20998_bd254fad/index.m3u8', 17),
    (1145, '921', 'https://1080.hdphimonline.com/20220427/20999_94d9cce7/index.m3u8', 17),
    (1146, '922', 'https://1080.hdphimonline.com/20220427/21000_b28db56d/index.m3u8', 17),
    (1147, '923', 'https://1080.hdphimonline.com/20220427/21001_48e68f35/index.m3u8', 17),
    (1148, '924', 'https://1080.hdphimonline.com/20220427/21002_012c8e60/index.m3u8', 17),
    (1149, '925', 'https://1080.hdphimonline.com/20220427/21003_2c885b0c/index.m3u8', 17),
    (1150, '926', 'https://1080.hdphimonline.com/20220427/21004_7ce4a1f1/index.m3u8', 17),
    (1151, '927', 'https://1080.hdphimonline.com/20220427/21005_45591096/index.m3u8', 17),
    (1152, '928', 'https://1080.hdphimonline.com/20220427/21006_92e35773/index.m3u8', 17),
    (1153, '929', 'https://1080.hdphimonline.com/20220427/21007_edd8d0c1/index.m3u8', 17),
    (1154, '930', 'https://1080.hdphimonline.com/20220427/21008_90f005de/index.m3u8', 17),
    (1155, '931', 'https://1080.hdphimonline.com/20220427/21009_1ab78228/index.m3u8', 17),
    (1156, '932', 'https://1080.hdphimonline.com/20220427/21010_0e57e3ac/index.m3u8', 17),
    (1157, '933', 'https://1080.hdphimonline.com/20220427/21011_d81db56d/index.m3u8', 17),
    (1158, '934', 'https://1080.hdphimonline.com/20220427/21012_f925ce38/index.m3u8', 17),
    (1159, '935', 'https://1080.hdphimonline.com/20220427/21013_a0311979/index.m3u8', 17),
    (1160, '936', 'https://1080.hdphimonline.com/20220427/21014_f50016a0/index.m3u8', 17),
    (1161, '937', 'https://1080.hdphimonline.com/20220427/21015_14566e4e/index.m3u8', 17),
    (1162, '938', 'https://1080.hdphimonline.com/20220427/21016_82be85d4/index.m3u8', 17),
    (1163, '939', 'https://1080.hdphimonline.com/20220427/21017_31951c59/index.m3u8', 17),
    (1164, '940', 'https://1080.hdphimonline.com/20220427/21018_84e0f827/index.m3u8', 17),
    (1165, '941', 'https://1080.hdphimonline.com/20220427/21019_d36d719b/index.m3u8', 17),
    (1166, '942', 'https://1080.hdphimonline.com/20220427/21020_3d5e41e9/index.m3u8', 17),
    (1167, '943', 'https://1080.hdphimonline.com/20220427/21021_78993935/index.m3u8', 17),
    (1168, '944', 'https://1080.hdphimonline.com/20220427/21022_acf6378b/index.m3u8', 17),
    (1169, '945', 'https://1080.hdphimonline.com/20220427/21023_0048bd96/index.m3u8', 17),
    (1170, '946', 'https://1080.hdphimonline.com/20220427/21024_92a12307/index.m3u8', 17),
    (1171, '947', 'https://1080.hdphimonline.com/20220427/21025_15c9642a/index.m3u8', 17),
    (1172, '948', 'https://1080.hdphimonline.com/20220427/21027_04b9bc3d/index.m3u8', 17),
    (1173, '949', 'https://1080.hdphimonline.com/20220427/21028_3e214561/index.m3u8', 17),
    (1174, '950', 'https://1080.hdphimonline.com/20220427/21030_11475119/index.m3u8', 17),
    (1175, '951', 'https://1080.hdphimonline.com/20220427/21031_ba5d7ad8/index.m3u8', 17),
    (1176, '952', 'https://1080.hdphimonline.com/20220427/21032_89c1c40e/index.m3u8', 17),
    (1177, '953', 'https://1080.hdphimonline.com/20220427/21033_1530f1bb/index.m3u8', 17),
    (1178, '954', 'https://1080.hdphimonline.com/20220427/21034_adb1793c/index.m3u8', 17),
    (1179, '955', 'https://1080.hdphimonline.com/20220427/21035_0729f939/index.m3u8', 17),
    (1180, '956', 'https://1080.hdphimonline.com/20220427/21036_79714ee1/index.m3u8', 17),
    (1181, '957', 'https://1080.hdphimonline.com/20220427/21037_7694f8c2/index.m3u8', 17),
    (1182, '958', 'https://1080.hdphimonline.com/20220427/21038_71c671bc/index.m3u8', 17),
    (1183, '959', 'https://1080.hdphimonline.com/20220427/21039_cbeaee48/index.m3u8', 17),
    (1184, '960', 'https://1080.hdphimonline.com/20220427/21040_5ce0ed05/index.m3u8', 17),
    (1185, '961', 'https://1080.hdphimonline.com/20220427/21041_3d0eccb9/index.m3u8', 17),
    (1186, '962', 'https://1080.hdphimonline.com/20220427/21042_a0ab4990/index.m3u8', 17),
    (1187, '963', 'https://1080.hdphimonline.com/20220427/21043_f00d6a36/index.m3u8', 17),
    (1188, '964', 'https://1080.hdphimonline.com/20220427/21044_33085326/index.m3u8', 17),
    (1189, '965', 'https://1080.hdphimonline.com/20220427/21045_1bc1375b/index.m3u8', 17),
    (1190, '966', 'https://1080.hdphimonline.com/20220427/21046_85393d8f/index.m3u8', 17),
    (1191, '967', 'https://1080.hdphimonline.com/20220427/21047_2e6471e2/index.m3u8', 17),
    (1192, '968', 'https://1080.hdphimonline.com/20220427/21050_1a109edb/index.m3u8', 17),
    (1193, '969', 'https://1080.hdphimonline.com/20220427/21051_2e3ffc87/index.m3u8', 17),
    (1194, '970', 'https://1080.hdphimonline.com/20220427/21052_13f1ccb9/index.m3u8', 17),
    (1195, '971', 'https://1080.hdphimonline.com/20220427/21053_206c55ec/index.m3u8', 17),
    (1196, '972', 'https://1080.hdphimonline.com/20220427/21054_badb7656/index.m3u8', 17),
    (1197, '973', 'https://1080.hdphimonline.com/20220427/21055_cb46c006/index.m3u8', 17),
    (1198, '974', 'https://1080.hdphimonline.com/20220427/21056_0761a74d/index.m3u8', 17),
    (1199, '975', 'https://1080.hdphimonline.com/20220427/21057_fcc458bb/index.m3u8', 17),
    (1200, '976', 'https://1080.hdphimonline.com/20220427/21058_dc5274a5/index.m3u8', 17),
    (1201, '977', 'https://1080.hdphimonline.com/20220427/21058_dc5274a5/index.m3u8', 17),
    (1202, '978', 'https://1080.hdphimonline.com/20220427/21059_7ffc862d/index.m3u8', 17),
    (1203, '979', 'https://1080.hdphimonline.com/20220427/21060_eabde6b0/index.m3u8', 17),
    (1204, '980', 'https://1080.hdphimonline.com/20220427/21061_d7c0691a/index.m3u8', 17),
    (1205, '981', 'https://1080.hdphimonline.com/20220427/21062_b1d8b001/index.m3u8', 17),
    (1206, '982', 'https://1080.hdphimonline.com/20220427/21063_bdc7b7df/index.m3u8', 17),
    (1207, '983', 'https://1080.hdphimonline.com/20220427/21064_4976d3c1/index.m3u8', 17),
    (1208, '984', 'https://1080.hdphimonline.com/20220427/21065_d25e9896/index.m3u8', 17),
    (1209, '985', 'https://1080.hdphimonline.com/20220427/21066_e72f9b97/index.m3u8', 17),
    (1210, '986', 'https://1080.hdphimonline.com/20220427/21067_ad79c4c8/index.m3u8', 17),
    (1211, '987', 'https://1080.hdphimonline.com/20220427/21068_1693dba4/index.m3u8', 17),
    (1212, '988', 'https://1080.hdphimonline.com/20220427/21069_424f23af/index.m3u8', 17),
    (1213, '989', 'https://1080.hdphimonline.com/20220427/21070_cf98953a/index.m3u8', 17),
    (1214, '990', 'https://1080.hdphimonline.com/20220427/21071_62e7a588/index.m3u8', 17),
    (1215, '991', 'https://1080.hdphimonline.com/20220427/21072_6bc8c955/index.m3u8', 17),
    (1216, '992', 'https://1080.hdphimonline.com/20220427/21073_6adac83a/index.m3u8', 17),
    (1217, '993', 'https://1080.hdphimonline.com/20220427/21074_de8d861a/index.m3u8', 17),
    (1218, '994', 'https://1080.hdphimonline.com/20220427/21075_ab355538/index.m3u8', 17),
    (1219, '995', 'https://1080.hdphimonline.com/20220427/21076_d198a9a0/index.m3u8', 17),
    (1220, '996', 'https://1080.hdphimonline.com/20220427/21077_acd568ec/index.m3u8', 17),
    (1221, '997', 'https://1080.hdphimonline.com/20220427/21078_df8f6aef/index.m3u8', 17),
    (1222, '998', 'https://1080.hdphimonline.com/20220427/21079_2147bc37/index.m3u8', 17),
    (1223, '999', 'https://1080.hdphimonline.com/20220427/21080_9b712986/index.m3u8', 17),
    (1224, '1000', 'https://1080.hdphimonline.com/20220427/21081_53cb4c63/index.m3u8', 17),
    (1225, '1001', 'https://1080.hdphimonline.com/20220427/21082_8d04ae36/index.m3u8', 17),
    (1226, '1002', 'https://1080.hdphimonline.com/20220427/21083_110483e7/index.m3u8', 17),
    (1227, '1003', 'https://1080.hdphimonline.com/20220427/21084_65bcb562/index.m3u8', 17),
    (1228, '1004', 'https://1080.hdphimonline.com/20220427/21085_e5f52010/index.m3u8', 17),
    (1229, '1005', 'https://1080.hdphimonline.com/20220427/21086_f0500d6c/index.m3u8', 17),
    (1230, '1006', 'https://1080.hdphimonline.com/20220427/21087_5e04842f/index.m3u8', 17),
    (1231, '1007', 'https://1080.hdphimonline.com/20220427/21088_c9daa6ca/index.m3u8', 17),
    (1232, '1008', 'https://1080.hdphimonline.com/20220427/21089_a79d495b/index.m3u8', 17),
    (1233, '1009', 'https://1080.hdphimonline.com/20220427/21090_785cc6af/index.m3u8', 17),
    (1234, '1010', 'https://1080.hdphimonline.com/20220427/21091_9aad0f23/index.m3u8', 17),
    (1235, '1011', 'https://1080.hdphimonline.com/20220427/21092_31d5f417/index.m3u8', 17),
    (1236, '1012', 'https://1080.hdphimonline.com/20220427/21093_64d83e2b/index.m3u8', 17),
    (1237, '1013', 'https://1080.hdphimonline.com/20220430/22223_00ffffb8/index.m3u8', 17),
    (1238, '1014', 'https://1080.hdphimonline.com/20220430/22224_9a0e8f1d/index.m3u8', 17),
    (1239, '1015', 'https://1080.hdphimonline.com/20220430/22225_82ada2c1/index.m3u8', 17),
    (1240, '1015.5', 'https://1080.hdphimonline.com/20220501/22459_7a27c111/index.m3u8', 17),
    (1241, '1016', 'https://kd.hd-bophim.com/20220508/11181_9aa06e47/index.m3u8', 17),
    (1242, '1017', 'https://kd.hd-bophim.com/20220515/11936_4eaf60bf/index.m3u8', 17),
    (1243, '1018', 'https://kd.hd-bophim.com/20220522/12341_8a0a4e44/index.m3u8', 17),
    (1244, '1019', 'https://kd.hd-bophim.com/20220529/12977_c9798714/index.m3u8', 17),
    (1245, '1020', 'https://kd.hd-bophim.com/20220605/13487_10e41046/index.m3u8', 17),
    (1246, '1021', 'https://kd.hd-bophim.com/20220612/14282_4e09643d/index.m3u8', 17),
    (1247, '1022', 'https://kd.hd-bophim.com/20220619/14926_7dc9f0f7/index.m3u8', 17),
    (1248, '1023', 'https://kd.hd-bophim.com/20220703/16813_6aef2cf1/index.m3u8', 17),
    (1249, '1024', 'https://kd.hd-bophim.com/20220710/17885_264b4c5c/index.m3u8', 17),
    (1250, '1025', 'https://kd.hd-bophim.com/20220717/18401_95a87104/index.m3u8', 17),
    (1251, '1026', 'https://kd.hd-bophim.com/20220724/18846_fc1c27c6/index.m3u8', 17),
    (1252, '1027', 'https://kd.hd-bophim.com/20220731/19283_aa2bc00f/index.m3u8', 17),
    (1253, '1028', 'https://kd.hd-bophim.com/20220807/19674_d2c7b7f6/index.m3u8', 17),
    (1254, '1029', 'https://kd.hd-bophim.com/20220814/20161_e25c3361/index.m3u8', 17),
    (1255, '1030', 'https://kd.hd-bophim.com/20220821/20474_bf9efe23/index.m3u8', 17),
    (1256, '1031', 'https://1080.hdphimonline.com/20220905/36183_928c67e9/index.m3u8', 17),
    (1257, '1032', 'https://1080.hdphimonline.com/20220911/36343_1aeb7dcc/index.m3u8', 17),
    (1258, '1033', 'https://1080.hdphimonline.com/20220918/36461_a276f24a/index.m3u8', 17),
    (1259, '1034', 'https://1080.hdphimonline.com/20220925/36516_4c396215/index.m3u8', 17),
    (1260, '1035', 'https://1080.hdphimonline.com/20221002/36558_d17ca9da/index.m3u8', 17),
    (1261, '1036', 'https://1080.hdphimonline.com/20221016/36852_93a87bdc/index.m3u8', 17),
    (1262, '1037', 'https://1080.hdphimonline.com/20221023/36922_f444f0ba/index.m3u8', 17),
    (1263, '1038', 'https://1080.hdphimonline.com/20221030/36978_b73eb8ae/index.m3u8', 17),
    (1264, '1039', 'https://1080.hdphimonline.com/20221106/37226_269d5ebc/index.m3u8', 17),
    (1265, '1040', 'https://1080.hdphimonline.com/20221113/37301_df883ee4/index.m3u8', 17),
    (1266, '1041', 'https://1080.hdphimonline.com/20221120/37636_99bc8827/index.m3u8', 17),
    (1267, '1042', 'https://1080.hdphimonline.com/20221127/38002_5791530c/index.m3u8', 17),
    (1268, '1043', 'https://1080.hdphimonline.com/20221204/39117_d9f377ef/index.m3u8', 17),
    (1269, '1044', 'https://hd.hdbophim.com/20230108/28826_3621d433/index.m3u8', 17),
    (1270, '1045', 'https://hd.hdbophim.com/20230108/28827_67482d85/index.m3u8', 17),
    (1271, '1046', 'https://hd.hdbophim.com/20230108/28828_f5059cbd/index.m3u8', 17),
    (1272, '1047', 'https://hd.hdbophim.com/20230115/29289_587875aa/index.m3u8', 17),
    (1273, '1048', 'https://hd.hdbophim.com/20230122/29679_ff85d67c/index.m3u8', 17),
    (1274, '1049', 'https://hd.hdbophim.com/20230129/30224_8eed4b65/index.m3u8', 17),
    (1275, '1050', 'https://hd.hdbophim.com/20230205/30762_71ce430b/index.m3u8', 17),
    (1276, '1051', 'https://hd.hdbophim.com/20230212/31376_0e03415f/index.m3u8', 17),
    (1277, '1052', 'https://hd.hdbophim.com/20230219/31900_6d25bf8a/index.m3u8', 17),
    (1278, '1053', 'https://hd.hdbophim.com/20230226/32203_47a0ca15/index.m3u8', 17),
    (1279, '1054', 'https://hd.hdbophim.com/20230319/33202_e0836341/index.m3u8', 17),
    (1280, '1055', 'https://kd.hd-bophim.com/20230326/34140_538b595e/index.m3u8', 17),
    (1281, '1056', 'https://hd.hdbophim.com/20230402/33623_bed47ec5/index.m3u8', 17),
    (1282, 'Fulll', 'https://1080.hdphimonline.com/20220315/2037_85f83e04/index.m3u8', 14),
    (1283, 'Full', 'https://aa.nguonphimmoi.com/20220320/4413_22ddf979/index.m3u8', 13),
    (1284, 'Full', 'https://hd.1080phim.com/20230408/37542_56086a3f/index.m3u8', 12),
    (1285, 'Full', 'https://hd.1080phim.com/20220301/396_a25ce4dc/index.m3u8', 11),
    (1286, 'Full', 'https://1080.hdphimonline.com/20220315/2006_34a62fd9/index.m3u8', 4),
    (1287, 'Full', 'https://vie.haiphim.com/20230102/25994_51746328/index.m3u8', 3),
    (1288, 'Full', 'https://vie.haiphim.com/20221231/25986_d5ff513e/index.m3u8', 3),
    (1289, 'FullHD', 'https://kd.hd-bophim.com/20230328/34199_d960842c/index.m3u8', 3),
    (1290, '1', 'https://hd.hdbophim.com/20220423/9345_7d188fb5/index.m3u8', 1),
    (1291, '2', 'https://hd.hdbophim.com/20220423/9347_96dbc0c2/index.m3u8', 1),
    (1292, '3', 'https://hd.hdbophim.com/20220423/9348_c3fd67db/index.m3u8', 1),
    (1293, '4', 'https://hd.hdbophim.com/20220423/9349_e25e61cf/index.m3u8', 1),
    (1294, '5', 'https://hd.hdbophim.com/20220423/9350_035583d6/index.m3u8', 1),
    (1295, '6', 'https://hd.hdbophim.com/20220423/9351_d9e3a043/index.m3u8', 1),
    (1296, '7', 'https://hd.hdbophim.com/20220423/9353_562c40bc/index.m3u8', 1),
    (1297, '8', 'https://hd.hdbophim.com/20220423/9355_6b8862d8/index.m3u8', 1),
    (1298, '9', 'https://hd.hdbophim.com/20220423/9356_dd7ab52c/index.m3u8', 1),
    (1299, '10', 'https://hd.hdbophim.com/20220423/9357_637c610e/index.m3u8', 1),
    (1300, '11', 'https://hd.hdbophim.com/20220423/9358_cb338dd4/index.m3u8', 1),
    (1301, '12', 'https://hd.hdbophim.com/20220423/9359_090a21d7/index.m3u8', 1),
    (1302, '13', 'https://hd.hdbophim.com/20220423/9360_42414894/index.m3u8', 1),
    (1303, '14', 'https://hd.hdbophim.com/20220423/9361_13a7ef98/index.m3u8', 1),
    (1304, '15', 'https://hd.hdbophim.com/20220423/9363_76792840/index.m3u8', 1),
    (1305, '16', 'https://hd.hdbophim.com/20220423/9364_e4445d38/index.m3u8', 1),
    (1306, '17', 'https://hd.hdbophim.com/20220423/9365_c06aa425/index.m3u8', 1),
    (1307, '18', 'https://hd.hdbophim.com/20220423/9367_272aaa48/index.m3u8', 1),
    (1308, '19', 'https://hd.hdbophim.com/20220423/9369_d136a54e/index.m3u8', 1),
    (1309, '20', 'https://hd.hdbophim.com/20220423/9370_a0f24394/index.m3u8', 1),
    (1310, '21', 'https://hd.hdbophim.com/20220423/9371_191b842a/index.m3u8', 1),
    (1311, '22', 'https://hd.hdbophim.com/20220423/9372_f66decb0/index.m3u8', 1),
    (1312, '23', 'https://hd.hdbophim.com/20220423/9374_8e852df2/index.m3u8', 1),
    (1313, '24', 'https://hd.hdbophim.com/20220423/9375_80fd2e79/index.m3u8', 1),
    (1314, '25', 'https://hd.hdbophim.com/20220423/9376_e607429e/index.m3u8', 1),
    (1315, '26', 'https://hd.hdbophim.com/20220423/9377_ddd9da8a/index.m3u8', 1),
    (1316, '27', 'https://hd.hdbophim.com/20220423/9379_c5b903bf/index.m3u8', 1),
    (1317, '28', 'https://hd.hdbophim.com/20220423/9380_61eabdb8/index.m3u8', 1),
    (1318, '29', 'https://hd.hdbophim.com/20220423/9382_ad5a2a4f/index.m3u8', 1),
    (1319, '30', 'https://hd.hdbophim.com/20220423/9383_f45ab71f/index.m3u8', 1),
    (1320, '31', 'https://hd.hdbophim.com/20220423/9384_1d06ceec/index.m3u8', 1),
    (1321, '32', 'https://hd.hdbophim.com/20220423/9385_393ef043/index.m3u8', 1),
    (1322, '33', 'https://hd.hdbophim.com/20220423/9387_b6e1f0eb/index.m3u8', 1),
    (1323, '34', 'https://hd.hdbophim.com/20220423/9388_f65b2356/index.m3u8', 1),
    (1324, '35', 'https://hd.hdbophim.com/20220423/9389_b40a57f3/index.m3u8', 1),
    (1325, '36', 'https://hd.hdbophim.com/20220423/9391_2a8df964/index.m3u8', 1),
    (1326, '37', 'https://hd.hdbophim.com/20220423/9392_717b7184/index.m3u8', 1);

-- GENRES --
INSERT INTO `genres` (`name`) VALUES 
    ('Action'), ('Drama'), ('Thriller'), ('Crime'), ('Adventure'), ('Comedy'), ('Sci-Fi'), ('Romance'), ('Fantasy'), ('Horror'), ('War'), ('Mystery'), ('Western'), ('Animation'), ('History'), ('Family'), ('Sport');

-- COUNTRIES --
INSERT INTO `countries` (`name`) VALUES 
    ("America"), ("China"), ("Korea"), ("Japan"), ("ThaiLand"), ("Taiwan"), ("Brazil"), ("Italy"), ("Germany"), ("England"), ("Mexico"), ("Spain"), ("France"), ("India"), ("Russia"), ("Vietnam");

-- FILM_GENRE --
INSERT INTO `film_genre` (`filmId`, `genreId`) VALUES 
    (10, 2), (10, 3), (10, 6), (10, 7), (10, 8), (18, 1), (18, 6), (18, 14), (20, 1), (20, 5), (19, 1), (19, 7), (19, 11), (17, 1), (17, 5), (17, 6), (17, 14), (14, 6), (14, 14), (14, 16), (15, 6), (15, 14), (15, 16), (16, 6), (16, 14), (16, 16), (13, 6), (13, 14), (13, 16), (12, 1), (12, 6), (12, 9), (11, 6), (11, 8), (11, 9), (4, 1), (4, 5), (4, 7), (4, 9), (3, 1), (3, 5), (3, 7), (2, 1), (2, 3), (2, 4), (1, 4), (1, 12), (1, 14);

-- FILM_COUNTRY --
INSERT INTO `film_country` (`filmId`, `countryId`) VALUES 
    (10, 1), (10, 2), (18, 4), (20, 1), (19, 1), (17, 4), (14, 1), (15, 1), (16, 1), (13, 1), (12, 1), (11, 2), (4, 1), (3, 1), (2, 1), (1, 4);

-- ROLES --
INSERT INTO `roles` (`name`, `permissions`) VALUES 
    ('Admin', '["Create Film","Update Film","Delete Film","Create Episode","Update Episode","Delete Episode","Send Notification","Create Genre","Update Genre","Delete Genre","Create Country","Update Country","Delete Country","Create User","Update User","Delete User","Create Role","Update Role","Delete Role","Set Role"]'),    
    ('Member', "[]");    

-- USERS --
INSERT INTO `users` (`name`, `email`, `avatar`, `password`, `roleId`) VALUES 
    ('Admin', 'admin@gmail.com', 'https://ui-avatars.com/api/?background=198465&color=fff&name=Admin', 'e7042ac7d09c7bc41c8cfa5749e41858f6980643bc0db1a83cc793d3e24d3f77', 1);  

-- FOLLOWS --
INSERT INTO `follows` (`userId`, `filmId`, `date`) VALUES 
    (1, 10, '2023-04-05 10:26:03'),
    (1, 14, '2023-04-05 10:36:03'),
    (1, 3, '2023-04-06 16:25:43'),
    (1, 19, '2023-04-07 5:38:22');


